run,H_end,issued,remaining,interval,n_a,m1
0,29,2592000.0,18408000.0,10.0,3,1.0
1,308,2592000.0,18408000.0,600.0,7,1.0
2,18,2592000.0000000005,18408000.0,1.0,6,1.0
3,21,2592000.0,18408000.0,10.0,2,1.0
4,77,2592000.0,18408000.0,600.0,4,1.0
5,26,2592000.0,18408000.0,60.0,4,1.0
6,25,2592000.0,18408000.0,10.0,3,1.0
7,26,2592000.0,18408000.0,600.0,3,1.0
8,145,2592000.0000000005,18408000.0,1.0,7,1.0
9,26,2592000.0,18408000.0,10.0,4,1.0
10,55,2592000.0,18408000.0,60.0,4,1.0
11,124,2592000.0,18408000.0,60.0,7,1.0
12,580,2592000.0,18408000.0,600.0,6,1.0
13,208,2592000.0000000005,18408000.0,1.0,5,1.0
14,15,2592000.0,18408000.0,600.0,4,1.0
15,27,2592000.0,18408000.0,600.0,3,1.0
16,45,2592000.0,18408000.0,600.0,4,1.0
17,109,2592000.0,18408000.0,60.0,3,1.0
18,19,2592000.0,18408000.0,600.0,1,1.0
19,68,2592000.0000000005,18408000.0,1.0,4,1.0
20,18,2592000.0,18408000.0,600.0,2,1.0
21,81,2592000.0,18408000.0,60.0,2,1.0
22,21,2592000.0,18408000.0,60.0,4,1.0
23,27,2592000.0,18408000.0,10.0,6,1.0
24,42,2592000.0,18408000.0,10.0,3,1.0
25,54,2592000.0,18408000.0,60.0,1,1.0
26,13,2592000.0,18408000.0,600.0,4,1.0
27,32,2592000.0,18408000.0,600.0,4,1.0
28,92,2592000.0,18408000.0,600.0,5,1.0
29,18,2592000.0,18408000.0,10.0,5,1.0
30,92,2592000.0,18408000.0,60.0,4,1.0
31,7,2592000.0,18408000.0,600.0,8,1.0
32,52,2592000.0,18408000.0,600.0,3,1.0
33,39,2592000.0000000005,18408000.0,1.0,6,1.0
34,198,2592000.0,18408000.0,60.0,4,1.0
35,39,2592000.0,18408000.0,600.0,4,1.0
36,70,2592000.0,18408000.0,60.0,4,1.0
37,19,2592000.0,18408000.0,60.0,7,1.0
38,16,2592000.0000000005,18408000.0,1.0,2,1.0
39,28,2592000.0000000005,18408000.0,1.0,5,1.0
40,70,2592000.0,18408000.0,600.0,7,1.0
41,17,2592000.0,18408000.0,60.0,2,1.0
42,13,2592000.0,18408000.0,10.0,3,1.0
43,13,2592000.0,18408000.0,10.0,4,1.0
44,17,2592000.0,18408000.0,600.0,4,1.0
45,39,2592000.0,18408000.0,600.0,4,1.0
46,14,2592000.0,18408000.0,10.0,2,1.0
47,38,2592000.0,18408000.0,60.0,3,1.0
48,16,2592000.0,18408000.0,600.0,5,1.0
49,13,2592000.0,18408000.0,10.0,6,1.0
50,49,2592000.0,18408000.0,60.0,2,1.0
51,25,2592000.0000000005,18408000.0,1.0,6,1.0
52,46,2592000.0,18408000.0,600.0,3,1.0
53,17,2592000.0,18408000.0,10.0,4,1.0
54,231,2592000.0,18408000.0,600.0,4,1.0
55,20,2592000.0,18408000.0,10.0,3,1.0
56,28,2592000.0000000005,18408000.0,1.0,7,1.0
57,117,2592000.0,18408000.0,10.0,4,1.0
58,62,2592000.0,18408000.0,10.0,2,1.0
59,23,2592000.0,18408000.0,10.0,3,1.0
60,15,2592000.0,18408000.0,60.0,2,1.0
61,26,2592000.0000000005,18408000.0,1.0,6,1.0
62,23,2592000.0,18408000.0,60.0,4,1.0
63,24,2592000.0,18408000.0,600.0,6,1.0
64,61,2592000.0,18408000.0,60.0,2,1.0
65,34,2592000.0,18408000.0,10.0,2,1.0
66,28,2592000.0000000005,18408000.0,1.0,4,1.0
67,23,2592000.0,18408000.0,60.0,3,1.0
68,77,2592000.0,18408000.0,600.0,2,1.0
69,25,2592000.0,18408000.0,10.0,4,1.0
70,340,2592000.0,18408000.0,600.0,1,1.0
71,14,2592000.0,18408000.0,60.0,6,1.0
72,39,2592000.0,18408000.0,600.0,5,1.0
73,91,2592000.0,18408000.0,60.0,2,1.0
74,54,2592000.0,18408000.0,600.0,6,1.0
75,17,2592000.0,18408000.0,10.0,5,1.0
76,44,2592000.0,18408000.0,600.0,5,1.0
77,57,2592000.0,18408000.0,600.0,3,1.0
78,50,2592000.0,18408000.0,600.0,5,1.0
79,71,2592000.0,18408000.0,60.0,7,1.0
80,33,2592000.0,18408000.0,60.0,2,1.0
81,51,2592000.0,18408000.0,600.0,4,1.0
82,14,2592000.0,18408000.0,60.0,3,1.0
83,24,2592000.0,18408000.0,600.0,5,1.0
84,16,2592000.0,18408000.0,10.0,6,1.0
85,34,2592000.0000000005,18408000.0,1.0,3,1.0
86,11,2592000.0000000005,18408000.0,1.0,5,1.0
87,54,2592000.0000000005,18408000.0,1.0,5,1.0
88,40,2592000.0,18408000.0,60.0,4,1.0
89,214,2592000.0,18408000.0,600.0,4,1.0
90,14,2592000.0,18408000.0,60.0,3,1.0
91,29,2592000.0000000005,18408000.0,1.0,6,1.0
92,22,2592000.0,18408000.0,600.0,2,1.0
93,88,2592000.0,18408000.0,10.0,4,1.0
94,60,2592000.0,18408000.0,600.0,5,1.0
95,37,2592000.0,18408000.0,60.0,3,1.0
96,413,2592000.0,18408000.0,600.0,6,1.0
97,21,2592000.0,18408000.0,10.0,2,1.0
98,43,2592000.0,18408000.0,60.0,9,1.0
99,12,2592000.0000000005,18408000.0,1.0,3,1.0
100,107,2592000.0,18408000.0,600.0,5,1.0
101,27,2592000.0,18408000.0,10.0,2,1.0
102,30,2592000.0,18408000.0,10.0,4,1.0
103,110,2592000.0000000005,18408000.0,1.0,4,1.0
104,15,2592000.0,18408000.0,600.0,4,1.0
105,85,2592000.0,18408000.0,10.0,3,1.0
106,19,2592000.0,18408000.0,600.0,5,1.0
107,15,2592000.0,18408000.0,600.0,3,1.0
108,33,2592000.0,18408000.0,600.0,3,1.0
109,31,2592000.0,18408000.0,10.0,3,1.0
110,11,2592000.0,18408000.0,600.0,5,1.0
111,17,2592000.0,18408000.0,600.0,3,1.0
112,62,2592000.0,18408000.0,10.0,5,1.0
113,93,2592000.0,18408000.0,600.0,3,1.0
114,22,2592000.0,18408000.0,10.0,3,1.0
115,37,2592000.0,18408000.0,60.0,4,1.0
116,41,2592000.0000000005,18408000.0,1.0,3,1.0
117,29,2592000.0,18408000.0,600.0,2,1.0
118,18,2592000.0,18408000.0,600.0,2,1.0
119,10,2592000.0,18408000.0,600.0,6,1.0
120,12,2592000.0,18408000.0,600.0,2,1.0
121,17,2592000.0000000005,18408000.0,1.0,7,1.0
122,20,2592000.0,18408000.0,10.0,2,1.0
123,14,2592000.0,18408000.0,10.0,6,1.0
124,17,2592000.0,18408000.0,60.0,6,1.0
125,51,2592000.0,18408000.0,10.0,8,1.0
126,53,2592000.0,18408000.0,600.0,1,1.0
127,15,2592000.0,18408000.0,10.0,3,1.0
128,48,2592000.0,18408000.0,600.0,2,1.0
129,14,2592000.0000000005,18408000.0,1.0,6,1.0
130,96,2592000.0,18408000.0,10.0,7,1.0
131,30,2592000.0,18408000.0,10.0,6,1.0
132,39,2592000.0000000005,18408000.0,1.0,3,1.0
133,47,2592000.0000000005,18408000.0,1.0,2,1.0
134,17,2592000.0,18408000.0,10.0,3,1.0
135,22,2592000.0,18408000.0,600.0,3,1.0
136,17,2592000.0000000005,18408000.0,1.0,6,1.0
137,52,2592000.0,18408000.0,600.0,2,1.0
138,38,2592000.0,18408000.0,60.0,2,1.0
139,9,2592000.0,18408000.0,10.0,3,1.0
140,79,2592000.0000000005,18408000.0,1.0,3,1.0
141,26,2592000.0000000005,18408000.0,1.0,4,1.0
142,34,2592000.0,18408000.0,600.0,2,1.0
143,18,2592000.0000000005,18408000.0,1.0,4,1.0
144,59,2592000.0,18408000.0,10.0,7,1.0
145,25,2592000.0,18408000.0,60.0,2,1.0
146,23,2592000.0,18408000.0,60.0,5,1.0
147,45,2592000.0,18408000.0,600.0,3,1.0
148,20,2592000.0,18408000.0,10.0,2,1.0
149,19,2592000.0,18408000.0,60.0,4,1.0
150,35,2592000.0,18408000.0,60.0,7,1.0
151,52,2592000.0000000005,18408000.0,1.0,2,1.0
152,12,2592000.0,18408000.0,60.0,3,1.0
153,28,2592000.0,18408000.0,10.0,5,1.0
154,21,2592000.0,18408000.0,600.0,5,1.0
155,17,2592000.0,18408000.0,10.0,3,1.0
156,54,2592000.0,18408000.0,600.0,7,1.0
157,120,2592000.0,18408000.0,60.0,4,1.0
158,20,2592000.0000000005,18408000.0,1.0,7,1.0
159,104,2592000.0,18408000.0,600.0,5,1.0
160,11,2592000.0,18408000.0,600.0,6,1.0
161,24,2592000.0000000005,18408000.0,1.0,4,1.0
162,236,2592000.0,18408000.0,600.0,4,1.0
163,14,2592000.0,18408000.0,600.0,7,1.0
164,27,2592000.0,18408000.0,60.0,4,1.0
165,15,2592000.0000000005,18408000.0,1.0,4,1.0
166,14,2592000.0,18408000.0,60.0,3,1.0
167,16,2592000.0,18408000.0,600.0,2,1.0
168,23,2592000.0,18408000.0,60.0,2,1.0
169,20,2592000.0,18408000.0,10.0,4,1.0
170,48,2592000.0,18408000.0,10.0,1,1.0
171,21,2592000.0,18408000.0,600.0,4,1.0
172,24,2592000.0,18408000.0,60.0,5,1.0
173,52,2592000.0,18408000.0,10.0,3,1.0
174,47,2592000.0,18408000.0,10.0,3,1.0
175,17,2592000.0,18408000.0,600.0,5,1.0
176,20,2592000.0000000005,18408000.0,1.0,5,1.0
177,159,2592000.0,18408000.0,600.0,2,1.0
178,160,2592000.0,18408000.0,60.0,6,1.0
179,37,2592000.0,18408000.0,600.0,6,1.0
180,31,2592000.0,18408000.0,600.0,8,1.0
181,19,2592000.0000000005,18408000.0,1.0,4,1.0
182,35,2592000.0,18408000.0,600.0,6,1.0
183,51,2592000.0,18408000.0,60.0,2,1.0
184,49,2592000.0,18408000.0,600.0,5,1.0
185,18,2592000.0,18408000.0,600.0,2,1.0
186,179,2592000.0000000005,18408000.0,1.0,1,1.0
187,11,2592000.0,18408000.0,600.0,2,1.0
188,12,2592000.0,18408000.0,600.0,6,1.0
189,42,2592000.0,18408000.0,600.0,4,1.0
190,32,2592000.0,18408000.0,600.0,6,1.0
191,19,2592000.0,18408000.0,10.0,4,1.0
192,39,2592000.0,18408000.0,60.0,4,1.0
193,43,2592000.0,18408000.0,60.0,4,1.0
194,13,2592000.0,18408000.0,10.0,5,1.0
195,153,2592000.0,18408000.0,60.0,1,1.0
196,26,2592000.0,18408000.0,10.0,3,1.0
197,56,2592000.0,18408000.0,600.0,6,1.0
198,121,2592000.0,18408000.0,10.0,5,1.0
199,22,2592000.0000000005,18408000.0,1.0,2,1.0
200,25,2592000.0,18408000.0,600.0,5,1.0
201,18,2592000.0000000005,18408000.0,1.0,6,1.0
202,20,2592000.0,18408000.0,60.0,2,1.0
203,49,2592000.0,18408000.0,600.0,3,1.0
204,58,2592000.0,18408000.0,600.0,5,1.0
205,24,2592000.0000000005,18408000.0,1.0,8,1.0
206,37,2592000.0,18408000.0,600.0,3,1.0
207,29,2592000.0,18408000.0,600.0,5,1.0
208,33,2592000.0,18408000.0,600.0,3,1.0
209,49,2592000.0,18408000.0,60.0,3,1.0
210,63,2592000.0,18408000.0,600.0,5,1.0
211,38,2592000.0,18408000.0,600.0,5,1.0
212,90,2592000.0000000005,18408000.0,1.0,1,1.0
213,63,2592000.0000000005,18408000.0,1.0,5,1.0
214,14,2592000.0,18408000.0,60.0,5,1.0
215,23,2592000.0000000005,18408000.0,1.0,5,1.0
216,46,2592000.0000000005,18408000.0,1.0,1,1.0
217,18,2592000.0000000005,18408000.0,1.0,1,1.0
218,36,2592000.0,18408000.0,10.0,2,1.0
219,10,2592000.0,18408000.0,60.0,3,1.0
220,18,2592000.0000000005,18408000.0,1.0,3,1.0
221,37,2592000.0,18408000.0,60.0,1,1.0
222,14,2592000.0000000005,18408000.0,1.0,3,1.0
223,13,2592000.0,18408000.0,60.0,3,1.0
224,35,2592000.0,18408000.0,60.0,5,1.0
225,10,2592000.0,18408000.0,60.0,4,1.0
226,20,2592000.0000000005,18408000.0,1.0,4,1.0
227,114,2592000.0,18408000.0,60.0,4,1.0
228,18,2592000.0,18408000.0,600.0,4,1.0
229,24,2592000.0,18408000.0,60.0,2,1.0
230,16,2592000.0,18408000.0,600.0,2,1.0
231,33,2592000.0,18408000.0,600.0,5,1.0
232,96,2592000.0,18408000.0,60.0,5,1.0
233,61,2592000.0,18408000.0,600.0,1,1.0
234,21,2592000.0,18408000.0,10.0,2,1.0
235,22,2592000.0,18408000.0,600.0,8,1.0
236,20,2592000.0,18408000.0,60.0,1,1.0
237,26,2592000.0,18408000.0,60.0,6,1.0
238,39,2592000.0,18408000.0,10.0,3,1.0
239,158,2592000.0,18408000.0,10.0,4,1.0
240,17,2592000.0,18408000.0,60.0,6,1.0
241,47,2592000.0,18408000.0,60.0,1,1.0
242,60,2592000.0,18408000.0,10.0,3,1.0
243,13,2592000.0,18408000.0,10.0,8,1.0
244,18,2592000.0,18408000.0,60.0,7,1.0
245,26,2592000.0,18408000.0,600.0,2,1.0
246,206,2592000.0,18408000.0,10.0,1,1.0
247,116,2592000.0,18408000.0,600.0,6,1.0
248,14,2592000.0,18408000.0,10.0,5,1.0
249,149,2592000.0,18408000.0,10.0,5,1.0
250,17,2592000.0000000005,18408000.0,1.0,4,1.0
251,63,2592000.0,18408000.0,60.0,4,1.0
252,79,2592000.0,18408000.0,10.0,6,1.0
253,18,2592000.0,18408000.0,600.0,5,1.0
254,61,2592000.0,18408000.0,10.0,5,1.0
255,12,2592000.0000000005,18408000.0,1.0,5,1.0
256,65,2592000.0000000005,18408000.0,1.0,4,1.0
257,24,2592000.0000000005,18408000.0,1.0,4,1.0
258,31,2592000.0000000005,18408000.0,1.0,4,1.0
259,81,2592000.0,18408000.0,10.0,1,1.0
260,54,2592000.0,18408000.0,10.0,2,1.0
261,53,2592000.0,18408000.0,600.0,5,1.0
262,25,2592000.0000000005,18408000.0,1.0,3,1.0
263,37,2592000.0,18408000.0,600.0,3,1.0
264,14,2592000.0000000005,18408000.0,1.0,4,1.0
265,256,2592000.0000000005,18408000.0,1.0,3,1.0
266,19,2592000.0,18408000.0,60.0,4,1.0
267,18,2592000.0,18408000.0,10.0,9,1.0
268,29,2592000.0,18408000.0,60.0,2,1.0
269,20,2592000.0,18408000.0,10.0,4,1.0
270,116,2592000.0,18408000.0,600.0,3,1.0
271,17,2592000.0000000005,18408000.0,1.0,3,1.0
272,19,2592000.0000000005,18408000.0,1.0,3,1.0
273,44,2592000.0,18408000.0,10.0,4,1.0
274,30,2592000.0000000005,18408000.0,1.0,5,1.0
275,15,2592000.0,18408000.0,600.0,5,1.0
276,16,2592000.0,18408000.0,600.0,4,1.0
277,208,2592000.0,18408000.0,10.0,6,1.0
278,93,2592000.0000000005,18408000.0,1.0,3,1.0
279,42,2592000.0000000005,18408000.0,1.0,4,1.0
280,107,2592000.0,18408000.0,60.0,3,1.0
281,17,2592000.0,18408000.0,60.0,4,1.0
282,24,2592000.0,18408000.0,60.0,5,1.0
283,34,2592000.0000000005,18408000.0,1.0,4,1.0
284,73,2592000.0,18408000.0,10.0,3,1.0
285,26,2592000.0000000005,18408000.0,1.0,6,1.0
286,39,2592000.0,18408000.0,10.0,4,1.0
287,25,2592000.0,18408000.0,600.0,2,1.0
288,51,2592000.0,18408000.0,60.0,1,1.0
289,48,2592000.0,18408000.0,60.0,4,1.0
290,68,2592000.0000000005,18408000.0,1.0,3,1.0
291,44,2592000.0000000005,18408000.0,1.0,5,1.0
292,52,2592000.0000000005,18408000.0,1.0,5,1.0
293,57,2592000.0,18408000.0,600.0,5,1.0
294,181,2592000.0000000005,18408000.0,1.0,2,1.0
295,137,2592000.0,18408000.0,60.0,4,1.0
296,15,2592000.0,18408000.0,600.0,8,1.0
297,28,2592000.0,18408000.0,600.0,2,1.0
298,17,2592000.0000000005,18408000.0,1.0,6,1.0
299,21,2592000.0,18408000.0,60.0,3,1.0
300,34,2592000.0,18408000.0,60.0,2,1.0
301,308,2592000.0000000005,18408000.0,1.0,4,1.0
302,36,2592000.0,18408000.0,10.0,4,1.0
303,13,2592000.0,18408000.0,10.0,4,1.0
304,57,2592000.0,18408000.0,600.0,2,1.0
305,57,2592000.0,18408000.0,600.0,4,1.0
306,9,2592000.0,18408000.0,60.0,5,1.0
307,264,2592000.0,18408000.0,600.0,6,1.0
308,51,2592000.0,18408000.0,10.0,5,1.0
309,16,2592000.0000000005,18408000.0,1.0,4,1.0
310,64,2592000.0000000005,18408000.0,1.0,4,1.0
311,15,2592000.0,18408000.0,60.0,6,1.0
312,31,2592000.0,18408000.0,60.0,3,1.0
313,13,2592000.0,18408000.0,10.0,3,1.0
314,15,2592000.0,18408000.0,60.0,3,1.0
315,23,2592000.0,18408000.0,600.0,4,1.0
316,40,2592000.0,18408000.0,600.0,8,1.0
317,54,2592000.0,18408000.0,600.0,4,1.0
318,26,2592000.0,18408000.0,60.0,4,1.0
319,17,2592000.0,18408000.0,10.0,2,1.0
320,122,2592000.0000000005,18408000.0,1.0,2,1.0
321,17,2592000.0000000005,18408000.0,1.0,2,1.0
322,37,2592000.0000000005,18408000.0,1.0,4,1.0
323,11,2592000.0000000005,18408000.0,1.0,4,1.0
324,63,2592000.0,18408000.0,60.0,5,1.0
325,51,2592000.0,18408000.0,60.0,6,1.0
326,31,2592000.0,18408000.0,60.0,6,1.0
327,45,2592000.0,18408000.0,600.0,1,1.0
328,105,2592000.0,18408000.0,60.0,2,1.0
329,21,2592000.0,18408000.0,10.0,1,1.0
330,43,2592000.0,18408000.0,60.0,8,1.0
331,24,2592000.0,18408000.0,60.0,4,1.0
332,18,2592000.0,18408000.0,60.0,5,1.0
333,14,2592000.0,18408000.0,60.0,4,1.0
334,38,2592000.0000000005,18408000.0,1.0,2,1.0
335,13,2592000.0,18408000.0,60.0,7,1.0
336,10,2592000.0,18408000.0,600.0,3,1.0
337,29,2592000.0,18408000.0,60.0,2,1.0
338,132,2592000.0,18408000.0,600.0,5,1.0
339,34,2592000.0,18408000.0,60.0,3,1.0
340,59,2592000.0,18408000.0,600.0,6,1.0
341,27,2592000.0,18408000.0,10.0,7,1.0
342,11,2592000.0000000005,18408000.0,1.0,4,1.0
343,30,2592000.0,18408000.0,10.0,6,1.0
344,99,2592000.0,18408000.0,60.0,4,1.0
345,55,2592000.0,18408000.0,600.0,1,1.0
346,24,2592000.0,18408000.0,60.0,4,1.0
347,20,2592000.0,18408000.0,60.0,7,1.0
348,10,2592000.0,18408000.0,600.0,6,1.0
349,62,2592000.0,18408000.0,60.0,5,1.0
350,85,2592000.0,18408000.0,10.0,4,1.0
351,199,2592000.0,18408000.0,60.0,2,1.0
352,66,2592000.0000000005,18408000.0,1.0,4,1.0
353,17,2592000.0,18408000.0,60.0,1,1.0
354,97,2592000.0,18408000.0,10.0,1,1.0
355,14,2592000.0,18408000.0,10.0,3,1.0
356,13,2592000.0000000005,18408000.0,1.0,3,1.0
357,27,2592000.0,18408000.0,60.0,4,1.0
358,315,2592000.0,18408000.0,60.0,4,1.0
359,29,2592000.0000000005,18408000.0,1.0,5,1.0
360,17,2592000.0,18408000.0,10.0,4,1.0
361,13,2592000.0000000005,18408000.0,1.0,5,1.0
362,127,2592000.0000000005,18408000.0,1.0,5,1.0
363,33,2592000.0,18408000.0,10.0,2,1.0
364,48,2592000.0,18408000.0,10.0,6,1.0
365,33,2592000.0,18408000.0,10.0,5,1.0
366,15,2592000.0,18408000.0,600.0,5,1.0
367,16,2592000.0000000005,18408000.0,1.0,4,1.0
368,94,2592000.0000000005,18408000.0,1.0,3,1.0
369,41,2592000.0,18408000.0,600.0,3,1.0
370,13,2592000.0,18408000.0,10.0,4,1.0
371,23,2592000.0,18408000.0,10.0,3,1.0
372,107,2592000.0,18408000.0,600.0,5,1.0
373,14,2592000.0,18408000.0,60.0,4,1.0
374,14,2592000.0,18408000.0,10.0,2,1.0
375,37,2592000.0,18408000.0,10.0,4,1.0
376,119,2592000.0,18408000.0,10.0,6,1.0
377,30,2592000.0000000005,18408000.0,1.0,5,1.0
378,72,2592000.0000000005,18408000.0,1.0,4,1.0
379,35,2592000.0,18408000.0,10.0,9,1.0
380,70,2592000.0000000005,18408000.0,1.0,7,1.0
381,131,2592000.0,18408000.0,10.0,3,1.0
382,23,2592000.0,18408000.0,60.0,3,1.0
383,13,2592000.0000000005,18408000.0,1.0,4,1.0
384,20,2592000.0,18408000.0,10.0,2,1.0
385,24,2592000.0000000005,18408000.0,1.0,5,1.0
386,32,2592000.0000000005,18408000.0,1.0,7,1.0
387,29,2592000.0,18408000.0,60.0,5,1.0
388,43,2592000.0000000005,18408000.0,1.0,3,1.0
389,71,2592000.0,18408000.0,10.0,3,1.0
390,11,2592000.0,18408000.0,600.0,6,1.0
391,62,2592000.0,18408000.0,10.0,3,1.0
392,18,2592000.0,18408000.0,600.0,5,1.0
393,16,2592000.0000000005,18408000.0,1.0,5,1.0
394,21,2592000.0000000005,18408000.0,1.0,4,1.0
395,64,2592000.0,18408000.0,10.0,4,1.0
396,42,2592000.0,18408000.0,60.0,4,1.0
397,16,2592000.0,18408000.0,10.0,5,1.0
398,37,2592000.0000000005,18408000.0,1.0,2,1.0
399,44,2592000.0,18408000.0,10.0,5,1.0
400,17,2592000.0,18408000.0,60.0,4,1.0
401,19,2592000.0,18408000.0,600.0,4,1.0
402,14,2592000.0,18408000.0,10.0,2,1.0
403,17,2592000.0,18408000.0,60.0,4,1.0
404,767,2592000.0000000005,18408000.0,1.0,2,1.0
405,13,2592000.0,18408000.0,600.0,4,1.0
406,25,2592000.0000000005,18408000.0,1.0,7,1.0
407,15,2592000.0,18408000.0,600.0,3,1.0
408,15,2592000.0,18408000.0,60.0,4,1.0
409,28,2592000.0,18408000.0,60.0,5,1.0
410,18,2592000.0000000005,18408000.0,1.0,10,1.0
411,11,2592000.0000000005,18408000.0,1.0,7,1.0
412,30,2592000.0,18408000.0,10.0,4,1.0
413,114,2592000.0000000005,18408000.0,1.0,2,1.0
414,189,2592000.0000000005,18408000.0,1.0,4,1.0
415,40,2592000.0,18408000.0,10.0,4,1.0
416,17,2592000.0,18408000.0,60.0,5,1.0
417,6,2592000.0,18408000.0,600.0,3,1.0
418,30,2592000.0,18408000.0,10.0,4,1.0
419,16,2592000.0,18408000.0,60.0,3,1.0
420,16,2592000.0,18408000.0,600.0,4,1.0
421,15,2592000.0,18408000.0,10.0,2,1.0
422,60,2592000.0,18408000.0,10.0,2,1.0
423,15,2592000.0,18408000.0,10.0,5,1.0
424,17,2592000.0000000005,18408000.0,1.0,4,1.0
425,79,2592000.0,18408000.0,600.0,4,1.0
426,79,2592000.0,18408000.0,10.0,5,1.0
427,20,2592000.0000000005,18408000.0,1.0,6,1.0
428,21,2592000.0000000005,18408000.0,1.0,3,1.0
429,16,2592000.0,18408000.0,600.0,7,1.0
430,18,2592000.0,18408000.0,10.0,2,1.0
431,24,2592000.0000000005,18408000.0,1.0,4,1.0
432,30,2592000.0,18408000.0,10.0,3,1.0
433,20,2592000.0,18408000.0,60.0,2,1.0
434,51,2592000.0000000005,18408000.0,1.0,4,1.0
435,531,2592000.0,18408000.0,60.0,4,1.0
436,36,2592000.0000000005,18408000.0,1.0,5,1.0
437,86,2592000.0,18408000.0,600.0,2,1.0
438,53,2592000.0,18408000.0,600.0,4,1.0
439,28,2592000.0000000005,18408000.0,1.0,2,1.0
440,45,2592000.0000000005,18408000.0,1.0,2,1.0
441,142,2592000.0,18408000.0,600.0,5,1.0
442,53,2592000.0,18408000.0,10.0,1,1.0
443,119,2592000.0000000005,18408000.0,1.0,2,1.0
444,9,2592000.0,18408000.0,60.0,5,1.0
445,24,2592000.0,18408000.0,10.0,2,1.0
446,17,2592000.0,18408000.0,10.0,7,1.0
447,117,2592000.0,18408000.0,10.0,4,1.0
448,87,2592000.0,18408000.0,60.0,4,1.0
449,38,2592000.0,18408000.0,10.0,2,1.0
450,30,2592000.0,18408000.0,60.0,5,1.0
451,63,2592000.0,18408000.0,600.0,3,1.0
452,21,2592000.0,18408000.0,60.0,4,1.0
453,148,2592000.0000000005,18408000.0,1.0,4,1.0
454,63,2592000.0000000005,18408000.0,1.0,2,1.0
455,20,2592000.0,18408000.0,600.0,6,1.0
456,14,2592000.0000000005,18408000.0,1.0,7,1.0
457,14,2592000.0,18408000.0,10.0,4,1.0
458,112,2592000.0,18408000.0,10.0,1,1.0
459,14,2592000.0,18408000.0,600.0,4,1.0
460,27,2592000.0,18408000.0,600.0,4,1.0
461,79,2592000.0,18408000.0,60.0,4,1.0
462,21,2592000.0000000005,18408000.0,1.0,5,1.0
463,25,2592000.0,18408000.0,600.0,4,1.0
464,30,2592000.0000000005,18408000.0,1.0,3,1.0
465,149,2592000.0000000005,18408000.0,1.0,1,1.0
466,44,2592000.0,18408000.0,60.0,2,1.0
467,17,2592000.0,18408000.0,600.0,6,1.0
468,16,2592000.0,18408000.0,10.0,2,1.0
469,27,2592000.0,18408000.0,600.0,6,1.0
470,40,2592000.0000000005,18408000.0,1.0,1,1.0
471,17,2592000.0000000005,18408000.0,1.0,6,1.0
472,17,2592000.0000000005,18408000.0,1.0,3,1.0
473,72,2592000.0,18408000.0,10.0,2,1.0
474,15,2592000.0,18408000.0,10.0,5,1.0
475,12,2592000.0,18408000.0,10.0,5,1.0
476,47,2592000.0,18408000.0,600.0,1,1.0
477,112,2592000.0000000005,18408000.0,1.0,4,1.0
478,10,2592000.0,18408000.0,10.0,5,1.0
479,235,2592000.0,18408000.0,600.0,5,1.0
480,14,2592000.0,18408000.0,10.0,2,1.0
481,94,2592000.0000000005,18408000.0,1.0,5,1.0
482,17,2592000.0,18408000.0,10.0,5,1.0
483,35,2592000.0,18408000.0,600.0,4,1.0
484,20,2592000.0,18408000.0,600.0,2,1.0
485,26,2592000.0,18408000.0,600.0,5,1.0
486,11,2592000.0,18408000.0,10.0,4,1.0
487,18,2592000.0,18408000.0,10.0,4,1.0
488,26,2592000.0,18408000.0,10.0,6,1.0
489,69,2592000.0,18408000.0,600.0,6,1.0
490,214,2592000.0,18408000.0,600.0,6,1.0
491,25,2592000.0,18408000.0,60.0,6,1.0
492,25,2592000.0000000005,18408000.0,1.0,6,1.0
493,15,2592000.0,18408000.0,600.0,7,1.0
494,19,2592000.0,18408000.0,600.0,4,1.0
495,19,2592000.0,18408000.0,60.0,6,1.0
496,480,2592000.0,18408000.0,10.0,7,1.0
497,26,2592000.0,18408000.0,600.0,3,1.0
498,57,2592000.0000000005,18408000.0,1.0,4,1.0
499,32,2592000.0000000005,18408000.0,1.0,6,1.0
500,22,2592000.0,18408000.0,600.0,6,1.0
501,145,2592000.0,18408000.0,600.0,5,1.0
502,15,2592000.0,18408000.0,10.0,5,1.0
503,71,2592000.0,18408000.0,60.0,2,1.0
504,30,2592000.0,18408000.0,60.0,1,1.0
505,21,2592000.0,18408000.0,600.0,4,1.0
506,20,2592000.0,18408000.0,60.0,3,1.0
507,109,2592000.0,18408000.0,600.0,3,1.0
508,62,2592000.0000000005,18408000.0,1.0,6,1.0
509,19,2592000.0000000005,18408000.0,1.0,4,1.0
510,18,2592000.0,18408000.0,600.0,5,1.0
511,49,2592000.0,18408000.0,10.0,5,1.0
512,117,2592000.0000000005,18408000.0,1.0,3,1.0
513,21,2592000.0000000005,18408000.0,1.0,5,1.0
514,18,2592000.0,18408000.0,600.0,2,1.0
515,21,2592000.0,18408000.0,60.0,5,1.0
516,19,2592000.0,18408000.0,600.0,5,1.0
517,38,2592000.0000000005,18408000.0,1.0,3,1.0
518,70,2592000.0,18408000.0,600.0,5,1.0
519,21,2592000.0,18408000.0,10.0,5,1.0
520,37,2592000.0000000005,18408000.0,1.0,5,1.0
521,26,2592000.0,18408000.0,10.0,2,1.0
522,14,2592000.0,18408000.0,600.0,5,1.0
523,46,2592000.0,18408000.0,600.0,6,1.0
524,13,2592000.0,18408000.0,600.0,3,1.0
525,15,2592000.0000000005,18408000.0,1.0,5,1.0
526,111,2592000.0,18408000.0,600.0,4,1.0
527,16,2592000.0000000005,18408000.0,1.0,4,1.0
528,16,2592000.0,18408000.0,600.0,3,1.0
529,43,2592000.0000000005,18408000.0,1.0,5,1.0
530,64,2592000.0,18408000.0,10.0,1,1.0
531,128,2592000.0,18408000.0,60.0,3,1.0
532,37,2592000.0000000005,18408000.0,1.0,5,1.0
533,761,2592000.0,18408000.0,600.0,5,1.0
534,24,2592000.0000000005,18408000.0,1.0,5,1.0
535,15,2592000.0,18408000.0,600.0,3,1.0
536,110,2592000.0,18408000.0,600.0,4,1.0
537,77,2592000.0000000005,18408000.0,1.0,3,1.0
538,11,2592000.0000000005,18408000.0,1.0,6,1.0
539,246,2592000.0,18408000.0,60.0,3,1.0
540,17,2592000.0000000005,18408000.0,1.0,2,1.0
541,38,2592000.0,18408000.0,60.0,4,1.0
542,18,2592000.0,18408000.0,60.0,4,1.0
543,28,2592000.0,18408000.0,600.0,2,1.0
544,18,2592000.0,18408000.0,60.0,4,1.0
545,39,2592000.0,18408000.0,10.0,3,1.0
546,1524,2592000.0,18408000.0,600.0,4,1.0
547,12,2592000.0,18408000.0,600.0,2,1.0
548,11,2592000.0,18408000.0,60.0,2,1.0
549,21,2592000.0,18408000.0,10.0,5,1.0
550,10,2592000.0,18408000.0,60.0,3,1.0
551,23,2592000.0,18408000.0,60.0,4,1.0
552,16,2592000.0000000005,18408000.0,1.0,7,1.0
553,34,2592000.0000000005,18408000.0,1.0,3,1.0
554,18,2592000.0,18408000.0,600.0,5,1.0
555,23,2592000.0000000005,18408000.0,1.0,3,1.0
556,36,2592000.0,18408000.0,600.0,5,1.0
557,64,2592000.0,18408000.0,10.0,3,1.0
558,227,2592000.0,18408000.0,60.0,5,1.0
559,99,2592000.0,18408000.0,600.0,6,1.0
560,45,2592000.0000000005,18408000.0,1.0,7,1.0
561,119,2592000.0,18408000.0,10.0,5,1.0
562,96,2592000.0,18408000.0,600.0,5,1.0
563,25,2592000.0000000005,18408000.0,1.0,2,1.0
564,78,2592000.0,18408000.0,60.0,5,1.0
565,62,2592000.0,18408000.0,10.0,4,1.0
566,45,2592000.0,18408000.0,60.0,4,1.0
567,71,2592000.0,18408000.0,60.0,2,1.0
568,37,2592000.0,18408000.0,600.0,5,1.0
569,46,2592000.0,18408000.0,10.0,2,1.0
570,9,2592000.0,18408000.0,600.0,4,1.0
571,15,2592000.0,18408000.0,60.0,3,1.0
572,15,2592000.0,18408000.0,10.0,4,1.0
573,70,2592000.0,18408000.0,10.0,4,1.0
574,121,2592000.0,18408000.0,600.0,2,1.0
575,39,2592000.0,18408000.0,10.0,4,1.0
576,21,2592000.0,18408000.0,60.0,4,1.0
577,32,2592000.0000000005,18408000.0,1.0,2,1.0
578,15,2592000.0000000005,18408000.0,1.0,2,1.0
579,58,2592000.0,18408000.0,600.0,2,1.0
580,33,2592000.0,18408000.0,600.0,5,1.0
581,29,2592000.0,18408000.0,10.0,2,1.0
582,37,2592000.0000000005,18408000.0,1.0,5,1.0
583,45,2592000.0,18408000.0,10.0,1,1.0
584,41,2592000.0,18408000.0,60.0,5,1.0
585,19,2592000.0,18408000.0,10.0,5,1.0
586,207,2592000.0,18408000.0,600.0,3,1.0
587,20,2592000.0,18408000.0,600.0,4,1.0
588,21,2592000.0000000005,18408000.0,1.0,3,1.0
589,87,2592000.0000000005,18408000.0,1.0,7,1.0
590,29,2592000.0,18408000.0,60.0,5,1.0
591,42,2592000.0,18408000.0,10.0,5,1.0
592,12,2592000.0,18408000.0,10.0,6,1.0
593,18,2592000.0,18408000.0,10.0,3,1.0
594,56,2592000.0000000005,18408000.0,1.0,1,1.0
595,29,2592000.0,18408000.0,600.0,4,1.0
596,65,2592000.0,18408000.0,10.0,4,1.0
597,30,2592000.0000000005,18408000.0,1.0,6,1.0
598,28,2592000.0,18408000.0,60.0,3,1.0
599,19,2592000.0,18408000.0,60.0,5,1.0
600,28,2592000.0,18408000.0,60.0,6,1.0
601,19,2592000.0000000005,18408000.0,1.0,6,1.0
602,24,2592000.0,18408000.0,10.0,4,1.0
603,20,2592000.0,18408000.0,600.0,3,1.0
604,35,2592000.0000000005,18408000.0,1.0,2,1.0
605,24,2592000.0000000005,18408000.0,1.0,2,1.0
606,62,2592000.0000000005,18408000.0,1.0,4,1.0
607,26,2592000.0,18408000.0,600.0,2,1.0
608,29,2592000.0,18408000.0,60.0,2,1.0
609,27,2592000.0,18408000.0,10.0,3,1.0
610,46,2592000.0,18408000.0,600.0,6,1.0
611,107,2592000.0,18408000.0,10.0,5,1.0
612,39,2592000.0,18408000.0,10.0,6,1.0
613,20,2592000.0,18408000.0,60.0,3,1.0
614,9,2592000.0,18408000.0,600.0,3,1.0
615,12,2592000.0,18408000.0,60.0,5,1.0
616,19,2592000.0000000005,18408000.0,1.0,1,1.0
617,13,2592000.0000000005,18408000.0,1.0,3,1.0
618,18,2592000.0,18408000.0,60.0,4,1.0
619,18,2592000.0,18408000.0,60.0,6,1.0
620,117,2592000.0,18408000.0,600.0,3,1.0
621,14,2592000.0,18408000.0,10.0,1,1.0
622,35,2592000.0,18408000.0,60.0,2,1.0
623,11,2592000.0,18408000.0,600.0,2,1.0
624,158,2592000.0000000005,18408000.0,1.0,5,1.0
625,16,2592000.0,18408000.0,10.0,3,1.0
626,124,2592000.0,18408000.0,10.0,3,1.0
627,21,2592000.0,18408000.0,10.0,5,1.0
628,26,2592000.0000000005,18408000.0,1.0,4,1.0
629,15,2592000.0000000005,18408000.0,1.0,4,1.0
630,12,2592000.0,18408000.0,600.0,4,1.0
631,39,2592000.0000000005,18408000.0,1.0,3,1.0
632,9,2592000.0,18408000.0,10.0,2,1.0
633,30,2592000.0,18408000.0,10.0,4,1.0
634,95,2592000.0000000005,18408000.0,1.0,5,1.0
635,15,2592000.0,18408000.0,600.0,4,1.0
636,15,2592000.0000000005,18408000.0,1.0,4,1.0
637,19,2592000.0,18408000.0,60.0,10,1.0
638,21,2592000.0,18408000.0,60.0,4,1.0
639,28,2592000.0,18408000.0,60.0,8,1.0
640,17,2592000.0,18408000.0,10.0,6,1.0
641,40,2592000.0000000005,18408000.0,1.0,3,1.0
642,31,2592000.0,18408000.0,60.0,1,1.0
643,42,2592000.0,18408000.0,600.0,2,1.0
644,26,2592000.0,18408000.0,10.0,3,1.0
645,528,2592000.0,18408000.0,60.0,7,1.0
646,17,2592000.0,18408000.0,10.0,5,1.0
647,35,2592000.0,18408000.0,600.0,5,1.0
648,21,2592000.0,18408000.0,60.0,5,1.0
649,36,2592000.0,18408000.0,600.0,6,1.0
650,13,2592000.0000000005,18408000.0,1.0,1,1.0
651,15,2592000.0,18408000.0,600.0,5,1.0
652,23,2592000.0,18408000.0,600.0,4,1.0
653,18,2592000.0,18408000.0,10.0,3,1.0
654,93,2592000.0,18408000.0,600.0,4,1.0
655,45,2592000.0,18408000.0,600.0,4,1.0
656,12,2592000.0,18408000.0,600.0,6,1.0
657,126,2592000.0000000005,18408000.0,1.0,4,1.0
658,12,2592000.0000000005,18408000.0,1.0,4,1.0
659,54,2592000.0,18408000.0,10.0,4,1.0
660,33,2592000.0,18408000.0,10.0,4,1.0
661,32,2592000.0,18408000.0,60.0,4,1.0
662,48,2592000.0000000005,18408000.0,1.0,6,1.0
663,113,2592000.0,18408000.0,10.0,5,1.0
664,14,2592000.0,18408000.0,10.0,1,1.0
665,208,2592000.0,18408000.0,10.0,4,1.0
666,125,2592000.0,18408000.0,10.0,2,1.0
667,15,2592000.0000000005,18408000.0,1.0,4,1.0
668,36,2592000.0000000005,18408000.0,1.0,4,1.0
669,59,2592000.0,18408000.0,10.0,4,1.0
670,137,2592000.0,18408000.0,10.0,5,1.0
671,39,2592000.0,18408000.0,60.0,2,1.0
672,61,2592000.0,18408000.0,600.0,5,1.0
673,12,2592000.0,18408000.0,10.0,3,1.0
674,17,2592000.0,18408000.0,600.0,3,1.0
675,32,2592000.0000000005,18408000.0,1.0,5,1.0
676,13,2592000.0,18408000.0,60.0,2,1.0
677,17,2592000.0000000005,18408000.0,1.0,5,1.0
678,15,2592000.0,18408000.0,600.0,7,1.0
679,17,2592000.0,18408000.0,10.0,5,1.0
680,18,2592000.0000000005,18408000.0,1.0,5,1.0
681,25,2592000.0,18408000.0,60.0,5,1.0
682,146,2592000.0000000005,18408000.0,1.0,5,1.0
683,10,2592000.0000000005,18408000.0,1.0,7,1.0
684,25,2592000.0,18408000.0,600.0,1,1.0
685,143,2592000.0,18408000.0,10.0,3,1.0
686,17,2592000.0000000005,18408000.0,1.0,6,1.0
687,13,2592000.0,18408000.0,60.0,5,1.0
688,68,2592000.0,18408000.0,60.0,5,1.0
689,65,2592000.0,18408000.0,10.0,5,1.0
690,18,2592000.0,18408000.0,60.0,4,1.0
691,44,2592000.0000000005,18408000.0,1.0,4,1.0
692,16,2592000.0,18408000.0,600.0,2,1.0
693,13,2592000.0000000005,18408000.0,1.0,3,1.0
694,68,2592000.0,18408000.0,10.0,5,1.0
695,12,2592000.0,18408000.0,600.0,2,1.0
696,88,2592000.0,18408000.0,60.0,3,1.0
697,33,2592000.0,18408000.0,60.0,5,1.0
698,57,2592000.0,18408000.0,600.0,3,1.0
699,14,2592000.0,18408000.0,60.0,2,1.0
700,26,2592000.0000000005,18408000.0,1.0,2,1.0
701,19,2592000.0,18408000.0,600.0,6,1.0
702,47,2592000.0,18408000.0,600.0,1,1.0
703,28,2592000.0,18408000.0,10.0,3,1.0
704,33,2592000.0000000005,18408000.0,1.0,4,1.0
705,16,2592000.0,18408000.0,60.0,6,1.0
706,20,2592000.0,18408000.0,60.0,6,1.0
707,16,2592000.0,18408000.0,10.0,7,1.0
708,10,2592000.0000000005,18408000.0,1.0,7,1.0
709,15,2592000.0,18408000.0,60.0,4,1.0
710,14,2592000.0,18408000.0,600.0,2,1.0
711,18,2592000.0000000005,18408000.0,1.0,4,1.0
712,18,2592000.0,18408000.0,600.0,4,1.0
713,49,2592000.0000000005,18408000.0,1.0,4,1.0
714,63,2592000.0,18408000.0,10.0,4,1.0
715,24,2592000.0,18408000.0,600.0,4,1.0
716,40,2592000.0,18408000.0,600.0,4,1.0
717,8,2592000.0,18408000.0,600.0,4,1.0
718,13,2592000.0,18408000.0,60.0,3,1.0
719,59,2592000.0000000005,18408000.0,1.0,3,1.0
720,40,2592000.0,18408000.0,60.0,4,1.0
721,16,2592000.0000000005,18408000.0,1.0,4,1.0
722,18,2592000.0,18408000.0,600.0,3,1.0
723,11,2592000.0,18408000.0,10.0,4,1.0
724,27,2592000.0,18408000.0,10.0,1,1.0
725,10,2592000.0,18408000.0,10.0,3,1.0
726,18,2592000.0,18408000.0,60.0,5,1.0
727,22,2592000.0,18408000.0,10.0,7,1.0
728,14,2592000.0,18408000.0,60.0,3,1.0
729,57,2592000.0,18408000.0,60.0,6,1.0
730,16,2592000.0000000005,18408000.0,1.0,7,1.0
731,19,2592000.0,18408000.0,10.0,3,1.0
732,19,2592000.0000000005,18408000.0,1.0,6,1.0
733,199,2592000.0,18408000.0,60.0,3,1.0
734,17,2592000.0,18408000.0,600.0,3,1.0
735,19,2592000.0,18408000.0,10.0,5,1.0
736,18,2592000.0,18408000.0,600.0,4,1.0
737,29,2592000.0,18408000.0,600.0,5,1.0
738,24,2592000.0,18408000.0,600.0,2,1.0
739,19,2592000.0000000005,18408000.0,1.0,3,1.0
740,25,2592000.0,18408000.0,60.0,5,1.0
741,14,2592000.0,18408000.0,10.0,3,1.0
742,17,2592000.0000000005,18408000.0,1.0,2,1.0
743,22,2592000.0,18408000.0,60.0,6,1.0
744,17,2592000.0,18408000.0,600.0,2,1.0
745,42,2592000.0,18408000.0,10.0,1,1.0
746,15,2592000.0000000005,18408000.0,1.0,5,1.0
747,47,2592000.0,18408000.0,600.0,5,1.0
748,14,2592000.0,18408000.0,600.0,3,1.0
749,39,2592000.0,18408000.0,10.0,4,1.0
750,29,2592000.0,18408000.0,10.0,2,1.0
751,37,2592000.0,18408000.0,60.0,5,1.0
752,23,2592000.0000000005,18408000.0,1.0,2,1.0
753,14,2592000.0,18408000.0,10.0,3,1.0
754,40,2592000.0,18408000.0,10.0,6,1.0
755,17,2592000.0000000005,18408000.0,1.0,6,1.0
756,8,2592000.0000000005,18408000.0,1.0,3,1.0
757,33,2592000.0000000005,18408000.0,1.0,4,1.0
758,36,2592000.0,18408000.0,60.0,6,1.0
759,35,2592000.0000000005,18408000.0,1.0,5,1.0
760,14,2592000.0000000005,18408000.0,1.0,3,1.0
761,83,2592000.0,18408000.0,600.0,8,1.0
762,39,2592000.0,18408000.0,10.0,4,1.0
763,13,2592000.0,18408000.0,60.0,4,1.0
764,71,2592000.0000000005,18408000.0,1.0,2,1.0
765,23,2592000.0,18408000.0,600.0,4,1.0
766,17,2592000.0,18408000.0,10.0,3,1.0
767,24,2592000.0000000005,18408000.0,1.0,1,1.0
768,33,2592000.0,18408000.0,600.0,3,1.0
769,10,2592000.0,18408000.0,600.0,3,1.0
770,50,2592000.0,18408000.0,60.0,3,1.0
771,40,2592000.0000000005,18408000.0,1.0,4,1.0
772,33,2592000.0,18408000.0,60.0,7,1.0
773,20,2592000.0,18408000.0,10.0,6,1.0
774,44,2592000.0,18408000.0,10.0,4,1.0
775,19,2592000.0000000005,18408000.0,1.0,5,1.0
776,13,2592000.0,18408000.0,60.0,3,1.0
777,20,2592000.0000000005,18408000.0,1.0,4,1.0
778,70,2592000.0000000005,18408000.0,1.0,3,1.0
779,17,2592000.0000000005,18408000.0,1.0,3,1.0
780,20,2592000.0000000005,18408000.0,1.0,8,1.0
781,45,2592000.0000000005,18408000.0,1.0,6,1.0
782,21,2592000.0,18408000.0,10.0,7,1.0
783,12,2592000.0000000005,18408000.0,1.0,4,1.0
784,54,2592000.0,18408000.0,10.0,2,1.0
785,12,2592000.0000000005,18408000.0,1.0,8,1.0
786,15,2592000.0,18408000.0,10.0,5,1.0
787,14,2592000.0000000005,18408000.0,1.0,6,1.0
788,11,2592000.0000000005,18408000.0,1.0,2,1.0
789,89,2592000.0,18408000.0,600.0,5,1.0
790,123,2592000.0,18408000.0,600.0,5,1.0
791,59,2592000.0,18408000.0,10.0,3,1.0
792,91,2592000.0,18408000.0,10.0,4,1.0
793,29,2592000.0,18408000.0,600.0,3,1.0
794,847,2592000.0,18408000.0,600.0,3,1.0
795,36,2592000.0,18408000.0,10.0,6,1.0
796,22,2592000.0,18408000.0,600.0,1,1.0
797,34,2592000.0,18408000.0,600.0,4,1.0
798,19,2592000.0,18408000.0,600.0,5,1.0
799,45,2592000.0,18408000.0,600.0,1,1.0
800,29,2592000.0,18408000.0,600.0,2,1.0
801,34,2592000.0,18408000.0,600.0,5,1.0
802,17,2592000.0,18408000.0,600.0,5,1.0
803,72,2592000.0,18408000.0,600.0,5,1.0
804,37,2592000.0,18408000.0,10.0,4,1.0
805,22,2592000.0,18408000.0,600.0,5,1.0
806,18,2592000.0000000005,18408000.0,1.0,2,1.0
807,38,2592000.0,18408000.0,10.0,6,1.0
808,33,2592000.0,18408000.0,600.0,3,1.0
809,112,2592000.0000000005,18408000.0,1.0,6,1.0
810,35,2592000.0000000005,18408000.0,1.0,5,1.0
811,36,2592000.0,18408000.0,60.0,4,1.0
812,80,2592000.0,18408000.0,10.0,3,1.0
813,10,2592000.0000000005,18408000.0,1.0,7,1.0
814,19,2592000.0000000005,18408000.0,1.0,2,1.0
815,48,2592000.0000000005,18408000.0,1.0,2,1.0
816,23,2592000.0,18408000.0,600.0,5,1.0
817,70,2592000.0000000005,18408000.0,1.0,5,1.0
818,20,2592000.0000000005,18408000.0,1.0,4,1.0
819,13,2592000.0,18408000.0,10.0,4,1.0
820,17,2592000.0,18408000.0,600.0,5,1.0
821,227,2592000.0,18408000.0,600.0,4,1.0
822,10,2592000.0,18408000.0,600.0,6,1.0
823,12,2592000.0000000005,18408000.0,1.0,6,1.0
824,34,2592000.0,18408000.0,10.0,3,1.0
825,75,2592000.0,18408000.0,60.0,2,1.0
826,191,2592000.0000000005,18408000.0,1.0,5,1.0
827,14,2592000.0,18408000.0,600.0,2,1.0
828,58,2592000.0,18408000.0,10.0,3,1.0
829,18,2592000.0,18408000.0,600.0,6,1.0
830,18,2592000.0,18408000.0,10.0,2,1.0
831,36,2592000.0,18408000.0,60.0,4,1.0
832,35,2592000.0000000005,18408000.0,1.0,3,1.0
833,197,2592000.0,18408000.0,10.0,5,1.0
834,20,2592000.0,18408000.0,10.0,1,1.0
835,142,2592000.0000000005,18408000.0,1.0,4,1.0
836,25,2592000.0,18408000.0,60.0,3,1.0
837,18,2592000.0000000005,18408000.0,1.0,6,1.0
838,25,2592000.0000000005,18408000.0,1.0,2,1.0
839,75,2592000.0000000005,18408000.0,1.0,2,1.0
840,46,2592000.0000000005,18408000.0,1.0,7,1.0
841,24,2592000.0,18408000.0,60.0,7,1.0
842,20,2592000.0000000005,18408000.0,1.0,7,1.0
843,156,2592000.0,18408000.0,60.0,2,1.0
844,14,2592000.0,18408000.0,60.0,3,1.0
845,122,2592000.0,18408000.0,60.0,2,1.0
846,387,2592000.0,18408000.0,10.0,2,1.0
847,61,2592000.0,18408000.0,600.0,4,1.0
848,29,2592000.0,18408000.0,10.0,6,1.0
849,10,2592000.0,18408000.0,60.0,2,1.0
850,932,2592000.0,18408000.0,60.0,5,1.0
851,12,2592000.0,18408000.0,600.0,4,1.0
852,48,2592000.0,18408000.0,600.0,4,1.0
853,40,2592000.0000000005,18408000.0,1.0,3,1.0
854,20,2592000.0000000005,18408000.0,1.0,5,1.0
855,57,2592000.0000000005,18408000.0,1.0,5,1.0
856,73,2592000.0000000005,18408000.0,1.0,8,1.0
857,27,2592000.0,18408000.0,60.0,5,1.0
858,167,2592000.0,18408000.0,60.0,4,1.0
859,35,2592000.0,18408000.0,60.0,4,1.0
860,18,2592000.0,18408000.0,60.0,4,1.0
861,41,2592000.0,18408000.0,60.0,4,1.0
862,26,2592000.0,18408000.0,60.0,5,1.0
863,107,2592000.0,18408000.0,10.0,6,1.0
864,699,2592000.0000000005,18408000.0,1.0,3,1.0
865,18,2592000.0000000005,18408000.0,1.0,5,1.0
866,11,2592000.0000000005,18408000.0,1.0,2,1.0
867,848,2592000.0,18408000.0,60.0,4,1.0
868,411,2592000.0,18408000.0,60.0,4,1.0
869,45,2592000.0,18408000.0,10.0,4,1.0
870,61,2592000.0000000005,18408000.0,1.0,4,1.0
871,217,2592000.0,18408000.0,10.0,4,1.0
872,36,2592000.0000000005,18408000.0,1.0,4,1.0
873,65,2592000.0,18408000.0,60.0,4,1.0
874,16,2592000.0,18408000.0,60.0,4,1.0
875,36,2592000.0,18408000.0,600.0,1,1.0
876,14,2592000.0000000005,18408000.0,1.0,5,1.0
877,25,2592000.0,18408000.0,60.0,4,1.0
878,58,2592000.0,18408000.0,600.0,3,1.0
879,471,2592000.0000000005,18408000.0,1.0,3,1.0
880,17,2592000.0,18408000.0,600.0,4,1.0
881,26,2592000.0,18408000.0,10.0,6,1.0
882,305,2592000.0000000005,18408000.0,1.0,7,1.0
883,28,2592000.0000000005,18408000.0,1.0,4,1.0
884,46,2592000.0,18408000.0,10.0,5,1.0
885,91,2592000.0,18408000.0,10.0,3,1.0
886,21,2592000.0000000005,18408000.0,1.0,3,1.0
887,10,2592000.0,18408000.0,600.0,3,1.0
888,27,2592000.0,18408000.0,600.0,3,1.0
889,118,2592000.0,18408000.0,10.0,4,1.0
890,88,2592000.0000000005,18408000.0,1.0,2,1.0
891,49,2592000.0,18408000.0,60.0,4,1.0
892,24,2592000.0,18408000.0,60.0,4,1.0
893,27,2592000.0,18408000.0,10.0,4,1.0
894,23,2592000.0000000005,18408000.0,1.0,4,1.0
895,139,2592000.0,18408000.0,600.0,3,1.0
896,18,2592000.0000000005,18408000.0,1.0,3,1.0
897,12,2592000.0,18408000.0,600.0,5,1.0
898,21,2592000.0,18408000.0,60.0,8,1.0
899,16,2592000.0,18408000.0,600.0,3,1.0
900,45,2592000.0,18408000.0,600.0,4,1.0
901,300,2592000.0,18408000.0,10.0,3,1.0
902,62,2592000.0,18408000.0,60.0,4,1.0
903,17,2592000.0,18408000.0,600.0,5,1.0
904,15,2592000.0,18408000.0,10.0,5,1.0
905,20,2592000.0,18408000.0,10.0,5,1.0
906,36,2592000.0,18408000.0,10.0,4,1.0
907,101,2592000.0,18408000.0,600.0,5,1.0
908,82,2592000.0,18408000.0,600.0,5,1.0
909,73,2592000.0000000005,18408000.0,1.0,5,1.0
910,19,2592000.0,18408000.0,60.0,4,1.0
911,72,2592000.0,18408000.0,600.0,4,1.0
912,81,2592000.0,18408000.0,60.0,5,1.0
913,378,2592000.0000000005,18408000.0,1.0,4,1.0
914,1259,2592000.0,18408000.0,60.0,3,1.0
915,12,2592000.0,18408000.0,600.0,5,1.0
916,642,2592000.0000000005,18408000.0,1.0,5,1.0
917,17,2592000.0,18408000.0,600.0,3,1.0
918,10,2592000.0,18408000.0,600.0,8,1.0
919,16,2592000.0,18408000.0,60.0,5,1.0
920,29,2592000.0,18408000.0,600.0,5,1.0
921,18,2592000.0,18408000.0,60.0,6,1.0
922,25,2592000.0,18408000.0,60.0,6,1.0
923,8,2592000.0,18408000.0,600.0,6,1.0
924,37,2592000.0,18408000.0,60.0,5,1.0
925,63,2592000.0,18408000.0,10.0,5,1.0
926,49,2592000.0,18408000.0,10.0,6,1.0
927,98,2592000.0000000005,18408000.0,1.0,3,1.0
928,9,2592000.0000000005,18408000.0,1.0,3,1.0
929,122,2592000.0000000005,18408000.0,1.0,4,1.0
930,60,2592000.0,18408000.0,60.0,5,1.0
931,123,2592000.0,18408000.0,60.0,2,1.0
932,47,2592000.0,18408000.0,10.0,2,1.0
933,32,2592000.0,18408000.0,60.0,4,1.0
934,37,2592000.0000000005,18408000.0,1.0,1,1.0
935,23,2592000.0000000005,18408000.0,1.0,2,1.0
936,14,2592000.0,18408000.0,10.0,3,1.0
937,59,2592000.0,18408000.0,10.0,3,1.0
938,19,2592000.0,18408000.0,60.0,3,1.0
939,35,2592000.0,18408000.0,60.0,6,1.0
940,31,2592000.0,18408000.0,60.0,2,1.0
941,26,2592000.0,18408000.0,10.0,7,1.0
942,22,2592000.0000000005,18408000.0,1.0,5,1.0
943,57,2592000.0,18408000.0,60.0,3,1.0
944,15,2592000.0,18408000.0,10.0,3,1.0
945,303,2592000.0,18408000.0,600.0,3,1.0
946,201,2592000.0,18408000.0,60.0,3,1.0
947,23,2592000.0,18408000.0,600.0,3,1.0
948,13,2592000.0,18408000.0,10.0,4,1.0
949,34,2592000.0,18408000.0,10.0,3,1.0
950,14,2592000.0,18408000.0,10.0,4,1.0
951,12,2592000.0,18408000.0,10.0,5,1.0
952,164,2592000.0,18408000.0,10.0,5,1.0
953,13,2592000.0,18408000.0,10.0,5,1.0
954,22,2592000.0,18408000.0,60.0,4,1.0
955,64,2592000.0000000005,18408000.0,1.0,5,1.0
956,43,2592000.0000000005,18408000.0,1.0,4,1.0
957,46,2592000.0,18408000.0,10.0,1,1.0
958,47,2592000.0,18408000.0,60.0,5,1.0
959,31,2592000.0000000005,18408000.0,1.0,3,1.0
960,13,2592000.0,18408000.0,60.0,6,1.0
961,48,2592000.0,18408000.0,600.0,6,1.0
962,18,2592000.0000000005,18408000.0,1.0,7,1.0
963,13,2592000.0,18408000.0,60.0,5,1.0
964,22,2592000.0000000005,18408000.0,1.0,1,1.0
965,32,2592000.0,18408000.0,60.0,5,1.0
966,22,2592000.0,18408000.0,600.0,5,1.0
967,50,2592000.0000000005,18408000.0,1.0,5,1.0
968,11,2592000.0,18408000.0,60.0,5,1.0
969,163,2592000.0,18408000.0,60.0,6,1.0
970,66,2592000.0,18408000.0,600.0,6,1.0
971,10,2592000.0000000005,18408000.0,1.0,2,1.0
972,41,2592000.0,18408000.0,10.0,8,1.0
973,25,2592000.0,18408000.0,10.0,4,1.0
974,15,2592000.0,18408000.0,10.0,2,1.0
975,48,2592000.0,18408000.0,60.0,4,1.0
976,14,2592000.0000000005,18408000.0,1.0,5,1.0
977,23,2592000.0,18408000.0,600.0,4,1.0
978,18,2592000.0,18408000.0,10.0,5,1.0
979,16,2592000.0,18408000.0,600.0,3,1.0
980,32,2592000.0,18408000.0,10.0,4,1.0
981,19,2592000.0,18408000.0,10.0,4,1.0
982,35,2592000.0000000005,18408000.0,1.0,4,1.0
983,17,2592000.0,18408000.0,60.0,7,1.0
984,22,2592000.0,18408000.0,10.0,6,1.0
985,87,2592000.0,18408000.0,600.0,3,1.0
986,20,2592000.0,18408000.0,600.0,6,1.0
987,41,2592000.0000000005,18408000.0,1.0,2,1.0
988,11,2592000.0,18408000.0,10.0,3,1.0
989,18,2592000.0000000005,18408000.0,1.0,5,1.0
990,19,2592000.0,18408000.0,600.0,7,1.0
991,63,2592000.0,18408000.0,60.0,2,1.0
992,22,2592000.0,18408000.0,10.0,1,1.0
993,22,2592000.0,18408000.0,600.0,4,1.0
994,12,2592000.0000000005,18408000.0,1.0,2,1.0
995,12,2592000.0,18408000.0,60.0,3,1.0
996,10,2592000.0,18408000.0,600.0,5,1.0
997,34,2592000.0000000005,18408000.0,1.0,6,1.0
998,76,2592000.0,18408000.0,10.0,5,1.0
999,17,2592000.0,18408000.0,10.0,5,1.0
1000,47,2592000.0,18408000.0,10.0,2,1.0
1001,21,2592000.0,18408000.0,60.0,6,1.0
1002,101,2592000.0,18408000.0,60.0,4,1.0
1003,22,2592000.0,18408000.0,60.0,3,1.0
1004,61,2592000.0,18408000.0,600.0,3,1.0
1005,27,2592000.0,18408000.0,60.0,2,1.0
1006,15,2592000.0000000005,18408000.0,1.0,6,1.0
1007,20,2592000.0,18408000.0,60.0,6,1.0
1008,40,2592000.0,18408000.0,60.0,5,1.0
1009,18,2592000.0000000005,18408000.0,1.0,3,1.0
1010,30,2592000.0000000005,18408000.0,1.0,3,1.0
1011,45,2592000.0,18408000.0,10.0,3,1.0
1012,40,2592000.0,18408000.0,60.0,4,1.0
1013,29,2592000.0,18408000.0,600.0,4,1.0
1014,79,2592000.0000000005,18408000.0,1.0,4,1.0
1015,48,2592000.0,18408000.0,10.0,5,1.0
1016,306,2592000.0000000005,18408000.0,1.0,5,1.0
1017,35,2592000.0,18408000.0,60.0,3,1.0
1018,29,2592000.0000000005,18408000.0,1.0,4,1.0
1019,58,2592000.0,18408000.0,600.0,3,1.0
1020,20,2592000.0,18408000.0,600.0,3,1.0
1021,23,2592000.0,18408000.0,10.0,7,1.0
1022,110,2592000.0000000005,18408000.0,1.0,3,1.0
1023,27,2592000.0,18408000.0,600.0,5,1.0
1024,52,2592000.0,18408000.0,600.0,7,1.0
1025,172,2592000.0,18408000.0,600.0,3,1.0
1026,68,2592000.0,18408000.0,10.0,2,1.0
1027,10,2592000.0,18408000.0,10.0,5,1.0
1028,15,2592000.0,18408000.0,600.0,2,1.0
1029,81,2592000.0,18408000.0,10.0,3,1.0
1030,22,2592000.0,18408000.0,60.0,2,1.0
1031,48,2592000.0,18408000.0,600.0,5,1.0
1032,54,2592000.0,18408000.0,600.0,7,1.0
1033,15,2592000.0000000005,18408000.0,1.0,5,1.0
1034,9,2592000.0000000005,18408000.0,1.0,1,1.0
1035,52,2592000.0,18408000.0,60.0,6,1.0
1036,26,2592000.0,18408000.0,600.0,5,1.0
1037,165,2592000.0,18408000.0,60.0,5,1.0
1038,43,2592000.0,18408000.0,10.0,3,1.0
1039,16,2592000.0,18408000.0,10.0,1,1.0
1040,22,2592000.0,18408000.0,600.0,7,1.0
1041,21,2592000.0,18408000.0,10.0,1,1.0
1042,13,2592000.0,18408000.0,60.0,7,1.0
1043,17,2592000.0,18408000.0,60.0,3,1.0
1044,21,2592000.0000000005,18408000.0,1.0,3,1.0
1045,120,2592000.0000000005,18408000.0,1.0,7,1.0
1046,16,2592000.0,18408000.0,60.0,4,1.0
1047,94,2592000.0000000005,18408000.0,1.0,3,1.0
1048,46,2592000.0,18408000.0,10.0,3,1.0
1049,22,2592000.0000000005,18408000.0,1.0,2,1.0
1050,35,2592000.0000000005,18408000.0,1.0,2,1.0
1051,104,2592000.0000000005,18408000.0,1.0,5,1.0
1052,31,2592000.0,18408000.0,10.0,2,1.0
1053,62,2592000.0,18408000.0,600.0,3,1.0
1054,13,2592000.0,18408000.0,60.0,4,1.0
1055,10,2592000.0000000005,18408000.0,1.0,5,1.0
1056,21,2592000.0,18408000.0,10.0,1,1.0
1057,17,2592000.0,18408000.0,10.0,5,1.0
1058,14,2592000.0,18408000.0,600.0,4,1.0
1059,41,2592000.0,18408000.0,60.0,3,1.0
1060,82,2592000.0,18408000.0,10.0,3,1.0
1061,14,2592000.0000000005,18408000.0,1.0,5,1.0
1062,166,2592000.0,18408000.0,600.0,5,1.0
1063,20,2592000.0,18408000.0,600.0,4,1.0
1064,20,2592000.0,18408000.0,600.0,3,1.0
1065,16,2592000.0000000005,18408000.0,1.0,6,1.0
1066,16,2592000.0,18408000.0,600.0,3,1.0
1067,182,2592000.0000000005,18408000.0,1.0,3,1.0
1068,10,2592000.0,18408000.0,600.0,3,1.0
1069,50,2592000.0000000005,18408000.0,1.0,4,1.0
1070,261,2592000.0000000005,18408000.0,1.0,2,1.0
1071,48,2592000.0000000005,18408000.0,1.0,3,1.0
1072,42,2592000.0,18408000.0,10.0,1,1.0
1073,14,2592000.0,18408000.0,60.0,4,1.0
1074,23,2592000.0,18408000.0,600.0,3,1.0
1075,34,2592000.0000000005,18408000.0,1.0,2,1.0
1076,14,2592000.0,18408000.0,600.0,3,1.0
1077,21,2592000.0000000005,18408000.0,1.0,4,1.0
1078,37,2592000.0,18408000.0,10.0,5,1.0
1079,18,2592000.0,18408000.0,60.0,2,1.0
1080,14,2592000.0,18408000.0,60.0,5,1.0
1081,29,2592000.0,18408000.0,600.0,6,1.0
1082,11,2592000.0,18408000.0,10.0,1,1.0
1083,11,2592000.0,18408000.0,60.0,5,1.0
1084,15,2592000.0,18408000.0,60.0,7,1.0
1085,14,2592000.0,18408000.0,600.0,3,1.0
1086,17,2592000.0000000005,18408000.0,1.0,4,1.0
1087,99,2592000.0,18408000.0,60.0,6,1.0
1088,56,2592000.0,18408000.0,600.0,7,1.0
1089,11,2592000.0,18408000.0,10.0,1,1.0
1090,26,2592000.0,18408000.0,600.0,5,1.0
1091,12,2592000.0000000005,18408000.0,1.0,7,1.0
1092,231,2592000.0,18408000.0,60.0,4,1.0
1093,34,2592000.0000000005,18408000.0,1.0,5,1.0
1094,32,2592000.0,18408000.0,600.0,5,1.0
1095,26,2592000.0,18408000.0,60.0,5,1.0
1096,105,2592000.0,18408000.0,60.0,4,1.0
1097,29,2592000.0,18408000.0,10.0,4,1.0
1098,81,2592000.0,18408000.0,10.0,7,1.0
1099,44,2592000.0,18408000.0,10.0,7,1.0
1100,21,2592000.0,18408000.0,600.0,5,1.0
1101,59,2592000.0,18408000.0,10.0,5,1.0
1102,62,2592000.0000000005,18408000.0,1.0,7,1.0
1103,22,2592000.0000000005,18408000.0,1.0,5,1.0
1104,35,2592000.0000000005,18408000.0,1.0,6,1.0
1105,8,2592000.0,18408000.0,10.0,1,1.0
1106,17,2592000.0,18408000.0,10.0,4,1.0
1107,26,2592000.0,18408000.0,60.0,3,1.0
1108,19,2592000.0,18408000.0,60.0,5,1.0
1109,43,2592000.0,18408000.0,60.0,2,1.0
1110,18,2592000.0,18408000.0,600.0,5,1.0
1111,15,2592000.0,18408000.0,60.0,4,1.0
1112,45,2592000.0000000005,18408000.0,1.0,7,1.0
1113,78,2592000.0000000005,18408000.0,1.0,3,1.0
1114,138,2592000.0,18408000.0,10.0,5,1.0
1115,108,2592000.0000000005,18408000.0,1.0,4,1.0
1116,43,2592000.0,18408000.0,60.0,2,1.0
1117,56,2592000.0000000005,18408000.0,1.0,3,1.0
1118,68,2592000.0,18408000.0,600.0,4,1.0
1119,18,2592000.0000000005,18408000.0,1.0,4,1.0
1120,17,2592000.0,18408000.0,10.0,6,1.0
1121,16,2592000.0,18408000.0,60.0,3,1.0
1122,12,2592000.0,18408000.0,60.0,7,1.0
1123,15,2592000.0000000005,18408000.0,1.0,8,1.0
1124,42,2592000.0,18408000.0,60.0,7,1.0
1125,16,2592000.0,18408000.0,10.0,4,1.0
1126,20,2592000.0,18408000.0,600.0,5,1.0
1127,20,2592000.0000000005,18408000.0,1.0,3,1.0
1128,9,2592000.0,18408000.0,60.0,3,1.0
1129,51,2592000.0,18408000.0,60.0,4,1.0
1130,65,2592000.0,18408000.0,10.0,5,1.0
1131,293,2592000.0,18408000.0,10.0,4,1.0
1132,36,2592000.0,18408000.0,600.0,3,1.0
1133,35,2592000.0,18408000.0,10.0,7,1.0
1134,63,2592000.0,18408000.0,600.0,4,1.0
1135,13,2592000.0,18408000.0,60.0,7,1.0
1136,198,2592000.0,18408000.0,600.0,7,1.0
1137,19,2592000.0,18408000.0,60.0,3,1.0
1138,14,2592000.0,18408000.0,600.0,4,1.0
1139,67,2592000.0,18408000.0,10.0,5,1.0
1140,58,2592000.0,18408000.0,60.0,2,1.0
1141,189,2592000.0,18408000.0,10.0,2,1.0
1142,50,2592000.0,18408000.0,10.0,4,1.0
1143,17,2592000.0,18408000.0,60.0,7,1.0
1144,14,2592000.0000000005,18408000.0,1.0,3,1.0
1145,34,2592000.0,18408000.0,60.0,6,1.0
1146,83,2592000.0,18408000.0,600.0,1,1.0
1147,151,2592000.0,18408000.0,60.0,3,1.0
1148,50,2592000.0,18408000.0,600.0,4,1.0
1149,75,2592000.0000000005,18408000.0,1.0,7,1.0
1150,207,2592000.0,18408000.0,60.0,4,1.0
1151,53,2592000.0,18408000.0,600.0,6,1.0
1152,13,2592000.0000000005,18408000.0,1.0,5,1.0
1153,29,2592000.0,18408000.0,600.0,3,1.0
1154,20,2592000.0000000005,18408000.0,1.0,4,1.0
1155,44,2592000.0,18408000.0,60.0,3,1.0
1156,48,2592000.0,18408000.0,600.0,2,1.0
1157,16,2592000.0,18408000.0,60.0,3,1.0
1158,63,2592000.0,18408000.0,10.0,3,1.0
1159,59,2592000.0,18408000.0,60.0,6,1.0
1160,160,2592000.0,18408000.0,60.0,3,1.0
1161,45,2592000.0,18408000.0,60.0,7,1.0
1162,12,2592000.0,18408000.0,60.0,6,1.0
1163,34,2592000.0000000005,18408000.0,1.0,6,1.0
1164,14,2592000.0,18408000.0,600.0,5,1.0
1165,27,2592000.0,18408000.0,60.0,4,1.0
1166,169,2592000.0,18408000.0,10.0,7,1.0
1167,12,2592000.0,18408000.0,600.0,5,1.0
1168,233,2592000.0,18408000.0,60.0,6,1.0
1169,25,2592000.0,18408000.0,10.0,4,1.0
1170,64,2592000.0000000005,18408000.0,1.0,6,1.0
1171,47,2592000.0,18408000.0,10.0,2,1.0
1172,25,2592000.0,18408000.0,10.0,7,1.0
1173,17,2592000.0000000005,18408000.0,1.0,3,1.0
1174,7,2592000.0,18408000.0,60.0,2,1.0
1175,17,2592000.0,18408000.0,10.0,6,1.0
1176,39,2592000.0000000005,18408000.0,1.0,6,1.0
1177,22,2592000.0,18408000.0,10.0,2,1.0
1178,18,2592000.0,18408000.0,10.0,6,1.0
1179,11,2592000.0000000005,18408000.0,1.0,3,1.0
1180,13,2592000.0,18408000.0,60.0,3,1.0
1181,38,2592000.0,18408000.0,10.0,4,1.0
1182,39,2592000.0000000005,18408000.0,1.0,7,1.0
1183,140,2592000.0000000005,18408000.0,1.0,2,1.0
1184,79,2592000.0000000005,18408000.0,1.0,6,1.0
1185,27,2592000.0,18408000.0,600.0,2,1.0
1186,20,2592000.0,18408000.0,10.0,6,1.0
1187,56,2592000.0000000005,18408000.0,1.0,7,1.0
1188,66,2592000.0,18408000.0,10.0,3,1.0
1189,14,2592000.0,18408000.0,600.0,4,1.0
1190,80,2592000.0000000005,18408000.0,1.0,6,1.0
1191,33,2592000.0,18408000.0,10.0,2,1.0
1192,14,2592000.0,18408000.0,60.0,4,1.0
1193,44,2592000.0,18408000.0,60.0,4,1.0
1194,16,2592000.0,18408000.0,10.0,5,1.0
1195,19,2592000.0,18408000.0,60.0,3,1.0
1196,50,2592000.0000000005,18408000.0,1.0,5,1.0
1197,22,2592000.0000000005,18408000.0,1.0,4,1.0
1198,45,2592000.0,18408000.0,10.0,5,1.0
1199,24,2592000.0,18408000.0,10.0,4,1.0
1200,44,2592000.0000000005,18408000.0,1.0,5,1.0
1201,13,2592000.0,18408000.0,10.0,3,1.0
1202,18,2592000.0,18408000.0,60.0,4,1.0
1203,14,2592000.0,18408000.0,600.0,9,1.0
1204,18,2592000.0000000005,18408000.0,1.0,4,1.0
1205,120,2592000.0,18408000.0,10.0,4,1.0
1206,32,2592000.0000000005,18408000.0,1.0,4,1.0
1207,20,2592000.0,18408000.0,600.0,7,1.0
1208,27,2592000.0000000005,18408000.0,1.0,7,1.0
1209,12,2592000.0,18408000.0,600.0,3,1.0
1210,99,2592000.0,18408000.0,60.0,2,1.0
1211,19,2592000.0,18408000.0,60.0,2,1.0
1212,23,2592000.0,18408000.0,60.0,4,1.0
1213,130,2592000.0000000005,18408000.0,1.0,3,1.0
1214,126,2592000.0,18408000.0,10.0,5,1.0
1215,37,2592000.0,18408000.0,600.0,5,1.0
1216,148,2592000.0,18408000.0,10.0,4,1.0
1217,11,2592000.0,18408000.0,600.0,4,1.0
1218,239,2592000.0,18408000.0,600.0,4,1.0
1219,27,2592000.0,18408000.0,600.0,5,1.0
1220,13,2592000.0,18408000.0,60.0,7,1.0
1221,53,2592000.0000000005,18408000.0,1.0,4,1.0
1222,37,2592000.0,18408000.0,10.0,4,1.0
1223,50,2592000.0,18408000.0,60.0,4,1.0
1224,20,2592000.0,18408000.0,600.0,5,1.0
1225,13,2592000.0,18408000.0,60.0,3,1.0
1226,30,2592000.0,18408000.0,60.0,7,1.0
1227,26,2592000.0,18408000.0,60.0,8,1.0
1228,81,2592000.0,18408000.0,60.0,5,1.0
1229,40,2592000.0000000005,18408000.0,1.0,5,1.0
1230,40,2592000.0,18408000.0,60.0,3,1.0
1231,13,2592000.0,18408000.0,10.0,2,1.0
1232,10,2592000.0000000005,18408000.0,1.0,3,1.0
1233,13,2592000.0,18408000.0,10.0,3,1.0
1234,25,2592000.0,18408000.0,60.0,2,1.0
1235,136,2592000.0000000005,18408000.0,1.0,2,1.0
1236,19,2592000.0,18408000.0,10.0,6,1.0
1237,32,2592000.0,18408000.0,60.0,5,1.0
1238,18,2592000.0,18408000.0,600.0,4,1.0
1239,18,2592000.0,18408000.0,60.0,3,1.0
1240,18,2592000.0,18408000.0,600.0,4,1.0
1241,36,2592000.0000000005,18408000.0,1.0,4,1.0
1242,37,2592000.0,18408000.0,10.0,2,1.0
1243,35,2592000.0000000005,18408000.0,1.0,1,1.0
1244,54,2592000.0,18408000.0,10.0,3,1.0
1245,21,2592000.0,18408000.0,60.0,3,1.0
1246,16,2592000.0,18408000.0,600.0,7,1.0
1247,44,2592000.0000000005,18408000.0,1.0,2,1.0
1248,35,2592000.0,18408000.0,60.0,2,1.0
1249,12,2592000.0,18408000.0,10.0,7,1.0
1250,11,2592000.0,18408000.0,600.0,2,1.0
1251,25,2592000.0,18408000.0,10.0,3,1.0
1252,20,2592000.0,18408000.0,600.0,4,1.0
1253,226,2592000.0000000005,18408000.0,1.0,6,1.0
1254,17,2592000.0,18408000.0,60.0,2,1.0
1255,51,2592000.0,18408000.0,60.0,5,1.0
1256,976,2592000.0,18408000.0,10.0,2,1.0
1257,21,2592000.0,18408000.0,600.0,2,1.0
1258,17,2592000.0,18408000.0,10.0,2,1.0
1259,26,2592000.0,18408000.0,600.0,4,1.0
1260,17,2592000.0000000005,18408000.0,1.0,3,1.0
1261,17,2592000.0000000005,18408000.0,1.0,1,1.0
1262,21,2592000.0,18408000.0,60.0,3,1.0
1263,34,2592000.0,18408000.0,60.0,4,1.0
1264,72,2592000.0000000005,18408000.0,1.0,4,1.0
1265,36,2592000.0,18408000.0,10.0,4,1.0
1266,77,2592000.0,18408000.0,10.0,2,1.0
1267,27,2592000.0,18408000.0,600.0,5,1.0
1268,171,2592000.0000000005,18408000.0,1.0,8,1.0
1269,16,2592000.0,18408000.0,60.0,5,1.0
1270,16,2592000.0000000005,18408000.0,1.0,2,1.0
1271,19,2592000.0000000005,18408000.0,1.0,3,1.0
1272,49,2592000.0,18408000.0,600.0,6,1.0
1273,39,2592000.0,18408000.0,60.0,3,1.0
1274,18,2592000.0,18408000.0,600.0,6,1.0
1275,13,2592000.0,18408000.0,10.0,3,1.0
1276,13,2592000.0,18408000.0,10.0,3,1.0
1277,41,2592000.0,18408000.0,600.0,2,1.0
1278,22,2592000.0000000005,18408000.0,1.0,7,1.0
1279,13,2592000.0000000005,18408000.0,1.0,4,1.0
1280,35,2592000.0,18408000.0,10.0,4,1.0
1281,17,2592000.0,18408000.0,600.0,6,1.0
1282,15,2592000.0,18408000.0,10.0,1,1.0
1283,25,2592000.0,18408000.0,60.0,6,1.0
1284,26,2592000.0000000005,18408000.0,1.0,3,1.0
1285,13,2592000.0,18408000.0,600.0,3,1.0
1286,13,2592000.0,18408000.0,600.0,2,1.0
1287,36,2592000.0000000005,18408000.0,1.0,5,1.0
1288,19,2592000.0000000005,18408000.0,1.0,4,1.0
1289,96,2592000.0000000005,18408000.0,1.0,7,1.0
1290,92,2592000.0,18408000.0,10.0,3,1.0
1291,21,2592000.0,18408000.0,600.0,4,1.0
1292,13,2592000.0000000005,18408000.0,1.0,2,1.0
1293,151,2592000.0,18408000.0,60.0,3,1.0
1294,24,2592000.0000000005,18408000.0,1.0,2,1.0
1295,159,2592000.0000000005,18408000.0,1.0,3,1.0
1296,47,2592000.0,18408000.0,600.0,3,1.0
1297,20,2592000.0000000005,18408000.0,1.0,4,1.0
1298,34,2592000.0,18408000.0,60.0,5,1.0
1299,18,2592000.0000000005,18408000.0,1.0,2,1.0
1300,35,2592000.0,18408000.0,60.0,3,1.0
1301,66,2592000.0,18408000.0,600.0,2,1.0
1302,16,2592000.0,18408000.0,600.0,5,1.0
1303,31,2592000.0,18408000.0,60.0,5,1.0
1304,14,2592000.0,18408000.0,10.0,3,1.0
1305,44,2592000.0000000005,18408000.0,1.0,4,1.0
1306,14,2592000.0000000005,18408000.0,1.0,2,1.0
1307,12,2592000.0000000005,18408000.0,1.0,3,1.0
1308,22,2592000.0000000005,18408000.0,1.0,2,1.0
1309,26,2592000.0,18408000.0,10.0,3,1.0
1310,21,2592000.0,18408000.0,10.0,4,1.0
1311,26,2592000.0,18408000.0,10.0,7,1.0
1312,34,2592000.0,18408000.0,10.0,3,1.0
1313,11,2592000.0000000005,18408000.0,1.0,3,1.0
1314,29,2592000.0,18408000.0,10.0,4,1.0
1315,10,2592000.0,18408000.0,10.0,2,1.0
1316,183,2592000.0,18408000.0,10.0,6,1.0
1317,19,2592000.0,18408000.0,10.0,5,1.0
1318,42,2592000.0,18408000.0,60.0,4,1.0
1319,12,2592000.0000000005,18408000.0,1.0,3,1.0
1320,19,2592000.0,18408000.0,60.0,8,1.0
1321,51,2592000.0000000005,18408000.0,1.0,4,1.0
1322,46,2592000.0,18408000.0,600.0,4,1.0
1323,53,2592000.0000000005,18408000.0,1.0,2,1.0
1324,17,2592000.0,18408000.0,600.0,2,1.0
1325,43,2592000.0000000005,18408000.0,1.0,3,1.0
1326,30,2592000.0,18408000.0,600.0,6,1.0
1327,34,2592000.0,18408000.0,60.0,7,1.0
1328,129,2592000.0000000005,18408000.0,1.0,7,1.0
1329,60,2592000.0,18408000.0,10.0,5,1.0
1330,10,2592000.0,18408000.0,600.0,4,1.0
1331,37,2592000.0000000005,18408000.0,1.0,4,1.0
1332,33,2592000.0,18408000.0,60.0,6,1.0
1333,65,2592000.0000000005,18408000.0,1.0,3,1.0
1334,21,2592000.0,18408000.0,60.0,4,1.0
1335,226,2592000.0,18408000.0,60.0,3,1.0
1336,21,2592000.0,18408000.0,600.0,4,1.0
1337,13,2592000.0000000005,18408000.0,1.0,3,1.0
1338,34,2592000.0,18408000.0,10.0,3,1.0
1339,125,2592000.0,18408000.0,60.0,5,1.0
1340,71,2592000.0,18408000.0,10.0,2,1.0
1341,64,2592000.0,18408000.0,60.0,5,1.0
1342,36,2592000.0,18408000.0,10.0,6,1.0
1343,10,2592000.0,18408000.0,60.0,7,1.0
1344,49,2592000.0,18408000.0,10.0,3,1.0
1345,69,2592000.0,18408000.0,10.0,6,1.0
1346,30,2592000.0,18408000.0,10.0,2,1.0
1347,32,2592000.0000000005,18408000.0,1.0,3,1.0
1348,28,2592000.0,18408000.0,10.0,5,1.0
1349,46,2592000.0,18408000.0,60.0,6,1.0
1350,252,2592000.0,18408000.0,60.0,4,1.0
1351,47,2592000.0000000005,18408000.0,1.0,3,1.0
1352,19,2592000.0,18408000.0,60.0,3,1.0
1353,23,2592000.0,18408000.0,10.0,2,1.0
1354,11,2592000.0,18408000.0,60.0,8,1.0
1355,17,2592000.0,18408000.0,60.0,4,1.0
1356,24,2592000.0000000005,18408000.0,1.0,4,1.0
1357,151,2592000.0000000005,18408000.0,1.0,4,1.0
1358,49,2592000.0,18408000.0,60.0,4,1.0
1359,23,2592000.0000000005,18408000.0,1.0,6,1.0
1360,205,2592000.0000000005,18408000.0,1.0,5,1.0
1361,106,2592000.0,18408000.0,600.0,6,1.0
1362,18,2592000.0,18408000.0,10.0,7,1.0
1363,7228,2592000.0,18408000.0,600.0,4,1.0
1364,12,2592000.0,18408000.0,10.0,5,1.0
1365,40,2592000.0,18408000.0,10.0,5,1.0
1366,50,2592000.0,18408000.0,600.0,4,1.0
1367,61,2592000.0000000005,18408000.0,1.0,4,1.0
1368,26,2592000.0,18408000.0,600.0,7,1.0
1369,87,2592000.0,18408000.0,10.0,6,1.0
1370,38,2592000.0000000005,18408000.0,1.0,4,1.0
1371,37,2592000.0,18408000.0,600.0,2,1.0
1372,28,2592000.0,18408000.0,600.0,5,1.0
1373,22,2592000.0,18408000.0,10.0,1,1.0
1374,17,2592000.0,18408000.0,60.0,3,1.0
1375,14,2592000.0,18408000.0,10.0,3,1.0
1376,15,2592000.0000000005,18408000.0,1.0,3,1.0
1377,16,2592000.0,18408000.0,10.0,2,1.0
1378,20,2592000.0,18408000.0,600.0,4,1.0
1379,19,2592000.0000000005,18408000.0,1.0,4,1.0
1380,17,2592000.0,18408000.0,600.0,3,1.0
1381,54,2592000.0,18408000.0,60.0,5,1.0
1382,36,2592000.0,18408000.0,60.0,2,1.0
1383,35,2592000.0,18408000.0,10.0,2,1.0
1384,21,2592000.0,18408000.0,10.0,5,1.0
1385,14,2592000.0000000005,18408000.0,1.0,3,1.0
1386,74,2592000.0,18408000.0,60.0,6,1.0
1387,32,2592000.0,18408000.0,10.0,4,1.0
1388,12,2592000.0000000005,18408000.0,1.0,4,1.0
1389,14,2592000.0,18408000.0,600.0,3,1.0
1390,550,2592000.0,18408000.0,10.0,3,1.0
1391,33,2592000.0,18408000.0,600.0,6,1.0
1392,35,2592000.0000000005,18408000.0,1.0,6,1.0
1393,20,2592000.0,18408000.0,600.0,6,1.0
1394,145,2592000.0,18408000.0,10.0,3,1.0
1395,25,2592000.0000000005,18408000.0,1.0,2,1.0
1396,354,2592000.0000000005,18408000.0,1.0,8,1.0
1397,20,2592000.0,18408000.0,10.0,6,1.0
1398,34,2592000.0,18408000.0,60.0,3,1.0
1399,56,2592000.0,18408000.0,600.0,3,1.0
1400,18,2592000.0,18408000.0,10.0,8,1.0
1401,185,2592000.0,18408000.0,10.0,4,1.0
1402,32,2592000.0000000005,18408000.0,1.0,6,1.0
1403,10,2592000.0,18408000.0,10.0,6,1.0
1404,23,2592000.0,18408000.0,60.0,3,1.0
1405,20,2592000.0000000005,18408000.0,1.0,4,1.0
1406,62,2592000.0,18408000.0,10.0,4,1.0
1407,32,2592000.0,18408000.0,10.0,3,1.0
1408,190,2592000.0,18408000.0,60.0,3,1.0
1409,17,2592000.0,18408000.0,60.0,4,1.0
1410,21,2592000.0000000005,18408000.0,1.0,3,1.0
1411,15,2592000.0,18408000.0,10.0,1,1.0
1412,128,2592000.0,18408000.0,60.0,3,1.0
1413,20,2592000.0000000005,18408000.0,1.0,3,1.0
1414,70,2592000.0000000005,18408000.0,1.0,5,1.0
1415,179,2592000.0,18408000.0,60.0,3,1.0
1416,58,2592000.0000000005,18408000.0,1.0,6,1.0
1417,13,2592000.0000000005,18408000.0,1.0,4,1.0
1418,77,2592000.0,18408000.0,10.0,5,1.0
1419,56,2592000.0,18408000.0,60.0,5,1.0
1420,35,2592000.0,18408000.0,600.0,3,1.0
1421,22,2592000.0,18408000.0,60.0,3,1.0
1422,22,2592000.0,18408000.0,600.0,7,1.0
1423,121,2592000.0,18408000.0,600.0,1,1.0
1424,33,2592000.0000000005,18408000.0,1.0,6,1.0
1425,34,2592000.0,18408000.0,60.0,4,1.0
1426,94,2592000.0,18408000.0,600.0,1,1.0
1427,31,2592000.0,18408000.0,10.0,1,1.0
1428,30,2592000.0000000005,18408000.0,1.0,3,1.0
1429,11,2592000.0,18408000.0,60.0,5,1.0
1430,49,2592000.0,18408000.0,60.0,1,1.0
1431,47,2592000.0,18408000.0,60.0,4,1.0
1432,185,2592000.0,18408000.0,600.0,6,1.0
1433,16,2592000.0,18408000.0,600.0,5,1.0
1434,25,2592000.0,18408000.0,60.0,6,1.0
1435,202,2592000.0,18408000.0,10.0,5,1.0
1436,22,2592000.0,18408000.0,60.0,3,1.0
1437,12,2592000.0000000005,18408000.0,1.0,4,1.0
1438,23,2592000.0000000005,18408000.0,1.0,3,1.0
1439,63,2592000.0,18408000.0,600.0,2,1.0
1440,148,2592000.0,18408000.0,600.0,1,1.0
1441,36,2592000.0000000005,18408000.0,1.0,2,1.0
1442,21,2592000.0000000005,18408000.0,1.0,4,1.0
1443,19,2592000.0,18408000.0,600.0,6,1.0
1444,23,2592000.0,18408000.0,60.0,2,1.0
1445,9,2592000.0,18408000.0,60.0,3,1.0
1446,13,2592000.0,18408000.0,600.0,3,1.0
1447,52,2592000.0000000005,18408000.0,1.0,2,1.0
1448,28,2592000.0,18408000.0,10.0,7,1.0
1449,18,2592000.0,18408000.0,10.0,4,1.0
1450,31,2592000.0000000005,18408000.0,1.0,4,1.0
1451,18,2592000.0000000005,18408000.0,1.0,6,1.0
1452,16,2592000.0000000005,18408000.0,1.0,2,1.0
1453,31,2592000.0,18408000.0,600.0,1,1.0
1454,248,2592000.0,18408000.0,60.0,4,1.0
1455,34,2592000.0,18408000.0,60.0,4,1.0
1456,11,2592000.0000000005,18408000.0,1.0,3,1.0
1457,108,2592000.0000000005,18408000.0,1.0,7,1.0
1458,28,2592000.0,18408000.0,10.0,3,1.0
1459,34,2592000.0000000005,18408000.0,1.0,7,1.0
1460,37,2592000.0000000005,18408000.0,1.0,5,1.0
1461,24,2592000.0000000005,18408000.0,1.0,6,1.0
1462,40,2592000.0,18408000.0,60.0,3,1.0
1463,39,2592000.0,18408000.0,10.0,4,1.0
1464,21,2592000.0,18408000.0,600.0,7,1.0
1465,28,2592000.0,18408000.0,600.0,4,1.0
1466,16,2592000.0,18408000.0,10.0,8,1.0
1467,39,2592000.0,18408000.0,60.0,5,1.0
1468,31,2592000.0,18408000.0,10.0,4,1.0
1469,8,2592000.0000000005,18408000.0,1.0,3,1.0
1470,46,2592000.0,18408000.0,60.0,3,1.0
1471,75,2592000.0000000005,18408000.0,1.0,3,1.0
1472,57,2592000.0,18408000.0,10.0,5,1.0
1473,38,2592000.0,18408000.0,600.0,4,1.0
1474,22,2592000.0,18408000.0,10.0,4,1.0
1475,21,2592000.0,18408000.0,60.0,2,1.0
1476,15,2592000.0000000005,18408000.0,1.0,5,1.0
1477,28,2592000.0,18408000.0,60.0,3,1.0
1478,9,2592000.0,18408000.0,10.0,3,1.0
1479,23,2592000.0,18408000.0,60.0,4,1.0
1480,62,2592000.0,18408000.0,60.0,4,1.0
1481,433,2592000.0000000005,18408000.0,1.0,1,1.0
1482,17,2592000.0,18408000.0,10.0,5,1.0
1483,12,2592000.0000000005,18408000.0,1.0,3,1.0
1484,73,2592000.0000000005,18408000.0,1.0,4,1.0
1485,16,2592000.0,18408000.0,10.0,5,1.0
1486,16,2592000.0,18408000.0,10.0,2,1.0
1487,36,2592000.0,18408000.0,60.0,2,1.0
1488,22,2592000.0,18408000.0,10.0,4,1.0
1489,188,2592000.0,18408000.0,600.0,3,1.0
1490,57,2592000.0,18408000.0,600.0,7,1.0
1491,22,2592000.0,18408000.0,60.0,4,1.0
1492,78,2592000.0000000005,18408000.0,1.0,5,1.0
1493,18,2592000.0,18408000.0,60.0,3,1.0
1494,171,2592000.0,18408000.0,600.0,5,1.0
1495,74,2592000.0,18408000.0,600.0,3,1.0
1496,18,2592000.0,18408000.0,60.0,5,1.0
1497,222,2592000.0,18408000.0,10.0,2,1.0
1498,25,2592000.0,18408000.0,10.0,4,1.0
1499,34,2592000.0,18408000.0,10.0,5,1.0
1500,41,2592000.0,18408000.0,10.0,3,1.0
1501,41,2592000.0,18408000.0,60.0,3,1.0
1502,15,2592000.0,18408000.0,60.0,7,1.0
1503,23,2592000.0,18408000.0,10.0,6,1.0
1504,15,2592000.0,18408000.0,60.0,3,1.0
1505,13,2592000.0,18408000.0,600.0,5,1.0
1506,12,2592000.0,18408000.0,10.0,5,1.0
1507,61,2592000.0,18408000.0,10.0,5,1.0
1508,23,2592000.0000000005,18408000.0,1.0,6,1.0
1509,31,2592000.0,18408000.0,10.0,2,1.0
1510,12,2592000.0,18408000.0,60.0,3,1.0
1511,14,2592000.0,18408000.0,600.0,5,1.0
1512,16,2592000.0000000005,18408000.0,1.0,3,1.0
1513,35,2592000.0,18408000.0,600.0,3,1.0
1514,65,2592000.0,18408000.0,600.0,5,1.0
1515,32,2592000.0000000005,18408000.0,1.0,4,1.0
1516,46,2592000.0000000005,18408000.0,1.0,4,1.0
1517,27,2592000.0000000005,18408000.0,1.0,3,1.0
1518,20,2592000.0,18408000.0,60.0,1,1.0
1519,18,2592000.0000000005,18408000.0,1.0,8,1.0
1520,21,2592000.0,18408000.0,60.0,1,1.0
1521,25,2592000.0,18408000.0,10.0,3,1.0
1522,11,2592000.0,18408000.0,600.0,5,1.0
1523,89,2592000.0000000005,18408000.0,1.0,1,1.0
1524,14,2592000.0,18408000.0,600.0,5,1.0
1525,122,2592000.0,18408000.0,60.0,3,1.0
1526,21,2592000.0000000005,18408000.0,1.0,5,1.0
1527,17,2592000.0,18408000.0,10.0,3,1.0
1528,13,2592000.0,18408000.0,600.0,4,1.0
1529,15,2592000.0,18408000.0,60.0,4,1.0
1530,55,2592000.0,18408000.0,10.0,3,1.0
1531,29,2592000.0,18408000.0,60.0,3,1.0
1532,67,2592000.0,18408000.0,10.0,3,1.0
1533,24,2592000.0,18408000.0,60.0,4,1.0
1534,31,2592000.0,18408000.0,10.0,6,1.0
1535,36,2592000.0,18408000.0,60.0,7,1.0
1536,35,2592000.0,18408000.0,10.0,7,1.0
1537,24,2592000.0,18408000.0,600.0,2,1.0
1538,21,2592000.0000000005,18408000.0,1.0,4,1.0
1539,35,2592000.0000000005,18408000.0,1.0,5,1.0
1540,19,2592000.0,18408000.0,60.0,5,1.0
1541,42,2592000.0,18408000.0,10.0,5,1.0
1542,41,2592000.0,18408000.0,600.0,4,1.0
1543,33,2592000.0,18408000.0,600.0,4,1.0
1544,28,2592000.0,18408000.0,10.0,4,1.0
1545,144,2592000.0,18408000.0,60.0,8,1.0
1546,14,2592000.0,18408000.0,10.0,2,1.0
1547,66,2592000.0,18408000.0,10.0,6,1.0
1548,52,2592000.0000000005,18408000.0,1.0,5,1.0
1549,46,2592000.0000000005,18408000.0,1.0,4,1.0
1550,16,2592000.0000000005,18408000.0,1.0,5,1.0
1551,93,2592000.0000000005,18408000.0,1.0,2,1.0
1552,21,2592000.0000000005,18408000.0,1.0,4,1.0
1553,9,2592000.0,18408000.0,60.0,5,1.0
1554,13,2592000.0,18408000.0,600.0,6,1.0
1555,20,2592000.0000000005,18408000.0,1.0,4,1.0
1556,49,2592000.0,18408000.0,60.0,4,1.0
1557,47,2592000.0,18408000.0,10.0,3,1.0
1558,15,2592000.0000000005,18408000.0,1.0,2,1.0
1559,23,2592000.0,18408000.0,600.0,2,1.0
1560,61,2592000.0,18408000.0,60.0,3,1.0
1561,66,2592000.0,18408000.0,60.0,1,1.0
1562,25,2592000.0,18408000.0,600.0,6,1.0
1563,41,2592000.0,18408000.0,10.0,3,1.0
1564,85,2592000.0,18408000.0,600.0,3,1.0
1565,31,2592000.0,18408000.0,10.0,6,1.0
1566,94,2592000.0,18408000.0,600.0,4,1.0
1567,49,2592000.0000000005,18408000.0,1.0,2,1.0
1568,56,2592000.0,18408000.0,60.0,3,1.0
1569,42,2592000.0,18408000.0,60.0,2,1.0
1570,41,2592000.0,18408000.0,60.0,3,1.0
1571,236,2592000.0,18408000.0,600.0,5,1.0
1572,43,2592000.0000000005,18408000.0,1.0,3,1.0
1573,32,2592000.0000000005,18408000.0,1.0,3,1.0
1574,15,2592000.0000000005,18408000.0,1.0,3,1.0
1575,31,2592000.0,18408000.0,10.0,2,1.0
1576,14,2592000.0,18408000.0,60.0,6,1.0
1577,21,2592000.0000000005,18408000.0,1.0,1,1.0
1578,17,2592000.0,18408000.0,600.0,5,1.0
1579,24,2592000.0,18408000.0,600.0,4,1.0
1580,21,2592000.0,18408000.0,600.0,1,1.0
1581,34,2592000.0000000005,18408000.0,1.0,3,1.0
1582,20,2592000.0,18408000.0,600.0,4,1.0
1583,33,2592000.0,18408000.0,600.0,4,1.0
1584,85,2592000.0,18408000.0,600.0,3,1.0
1585,20,2592000.0,18408000.0,60.0,4,1.0
1586,35,2592000.0000000005,18408000.0,1.0,3,1.0
1587,44,2592000.0,18408000.0,60.0,6,1.0
1588,44,2592000.0,18408000.0,10.0,2,1.0
1589,39,2592000.0,18408000.0,10.0,3,1.0
1590,85,2592000.0,18408000.0,60.0,2,1.0
1591,201,2592000.0,18408000.0,10.0,4,1.0
1592,62,2592000.0,18408000.0,60.0,3,1.0
1593,34,2592000.0000000005,18408000.0,1.0,6,1.0
1594,16,2592000.0,18408000.0,10.0,2,1.0
1595,18,2592000.0,18408000.0,10.0,3,1.0
1596,74,2592000.0,18408000.0,600.0,2,1.0
1597,92,2592000.0000000005,18408000.0,1.0,5,1.0
1598,24,2592000.0,18408000.0,10.0,6,1.0
1599,36,2592000.0,18408000.0,60.0,4,1.0
1600,14,2592000.0,18408000.0,10.0,2,1.0
1601,44,2592000.0,18408000.0,60.0,5,1.0
1602,20,2592000.0,18408000.0,10.0,2,1.0
1603,16,2592000.0,18408000.0,60.0,2,1.0
1604,16,2592000.0,18408000.0,10.0,4,1.0
1605,14,2592000.0,18408000.0,600.0,4,1.0
1606,41,2592000.0,18408000.0,600.0,6,1.0
1607,19,2592000.0000000005,18408000.0,1.0,3,1.0
1608,1907,2592000.0000000005,18408000.0,1.0,5,1.0
1609,14,2592000.0,18408000.0,600.0,5,1.0
1610,88,2592000.0,18408000.0,600.0,5,1.0
1611,66,2592000.0000000005,18408000.0,1.0,5,1.0
1612,27,2592000.0,18408000.0,60.0,2,1.0
1613,144,2592000.0000000005,18408000.0,1.0,3,1.0
1614,11,2592000.0,18408000.0,10.0,3,1.0
1615,147,2592000.0000000005,18408000.0,1.0,6,1.0
1616,288,2592000.0,18408000.0,10.0,3,1.0
1617,23,2592000.0000000005,18408000.0,1.0,4,1.0
1618,42,2592000.0,18408000.0,60.0,3,1.0
1619,54,2592000.0000000005,18408000.0,1.0,6,1.0
1620,18,2592000.0,18408000.0,600.0,6,1.0
1621,117,2592000.0,18408000.0,60.0,2,1.0
1622,118,2592000.0000000005,18408000.0,1.0,5,1.0
1623,34,2592000.0,18408000.0,600.0,1,1.0
1624,40,2592000.0,18408000.0,600.0,4,1.0
1625,60,2592000.0,18408000.0,600.0,3,1.0
1626,15,2592000.0000000005,18408000.0,1.0,3,1.0
1627,38,2592000.0000000005,18408000.0,1.0,4,1.0
1628,54,2592000.0,18408000.0,10.0,3,1.0
1629,12,2592000.0,18408000.0,60.0,4,1.0
1630,16,2592000.0000000005,18408000.0,1.0,4,1.0
1631,24,2592000.0,18408000.0,600.0,4,1.0
1632,23,2592000.0,18408000.0,60.0,4,1.0
1633,29,2592000.0,18408000.0,60.0,7,1.0
1634,58,2592000.0,18408000.0,600.0,5,1.0
1635,36,2592000.0000000005,18408000.0,1.0,1,1.0
1636,13,2592000.0,18408000.0,600.0,4,1.0
1637,37,2592000.0,18408000.0,60.0,6,1.0
1638,24,2592000.0,18408000.0,10.0,5,1.0
1639,38,2592000.0000000005,18408000.0,1.0,5,1.0
1640,22,2592000.0,18408000.0,600.0,4,1.0
1641,136,2592000.0000000005,18408000.0,1.0,7,1.0
1642,28,2592000.0000000005,18408000.0,1.0,4,1.0
1643,33,2592000.0,18408000.0,60.0,3,1.0
1644,39,2592000.0000000005,18408000.0,1.0,5,1.0
1645,9,2592000.0000000005,18408000.0,1.0,7,1.0
1646,17,2592000.0,18408000.0,60.0,6,1.0
1647,11,2592000.0,18408000.0,600.0,5,1.0
1648,77,2592000.0,18408000.0,600.0,5,1.0
1649,15,2592000.0,18408000.0,10.0,3,1.0
1650,19,2592000.0,18408000.0,60.0,2,1.0
1651,182,2592000.0,18408000.0,10.0,4,1.0
1652,196,2592000.0,18408000.0,600.0,4,1.0
1653,62,2592000.0,18408000.0,60.0,1,1.0
1654,40,2592000.0,18408000.0,600.0,6,1.0
1655,12,2592000.0,18408000.0,600.0,2,1.0
1656,36,2592000.0000000005,18408000.0,1.0,5,1.0
1657,14,2592000.0000000005,18408000.0,1.0,8,1.0
1658,37,2592000.0,18408000.0,10.0,3,1.0
1659,307,2592000.0,18408000.0,10.0,3,1.0
1660,26,2592000.0,18408000.0,600.0,3,1.0
1661,18,2592000.0,18408000.0,10.0,2,1.0
1662,9,2592000.0,18408000.0,60.0,5,1.0
1663,27,2592000.0,18408000.0,600.0,5,1.0
1664,19,2592000.0,18408000.0,10.0,3,1.0
1665,17,2592000.0000000005,18408000.0,1.0,2,1.0
1666,17,2592000.0,18408000.0,600.0,2,1.0
1667,32,2592000.0,18408000.0,600.0,4,1.0
1668,58,2592000.0,18408000.0,600.0,2,1.0
1669,82,2592000.0,18408000.0,600.0,4,1.0
1670,27,2592000.0,18408000.0,600.0,5,1.0
1671,56,2592000.0000000005,18408000.0,1.0,4,1.0
1672,31,2592000.0000000005,18408000.0,1.0,4,1.0
1673,45,2592000.0,18408000.0,10.0,6,1.0
1674,30,2592000.0,18408000.0,10.0,4,1.0
1675,34,2592000.0,18408000.0,10.0,5,1.0
1676,38,2592000.0,18408000.0,10.0,6,1.0
1677,23,2592000.0000000005,18408000.0,1.0,5,1.0
1678,134,2592000.0,18408000.0,600.0,7,1.0
1679,15,2592000.0000000005,18408000.0,1.0,5,1.0
1680,26,2592000.0,18408000.0,600.0,3,1.0
1681,14,2592000.0000000005,18408000.0,1.0,4,1.0
1682,1132,2592000.0,18408000.0,600.0,6,1.0
1683,45,2592000.0000000005,18408000.0,1.0,3,1.0
1684,116,2592000.0,18408000.0,60.0,6,1.0
1685,86,2592000.0000000005,18408000.0,1.0,1,1.0
1686,13,2592000.0000000005,18408000.0,1.0,5,1.0
1687,14,2592000.0000000005,18408000.0,1.0,3,1.0
1688,15,2592000.0,18408000.0,10.0,4,1.0
1689,36,2592000.0,18408000.0,60.0,6,1.0
1690,29,2592000.0,18408000.0,60.0,5,1.0
1691,21,2592000.0,18408000.0,60.0,5,1.0
1692,38,2592000.0000000005,18408000.0,1.0,8,1.0
1693,25,2592000.0,18408000.0,60.0,2,1.0
1694,25,2592000.0,18408000.0,600.0,5,1.0
1695,11,2592000.0,18408000.0,600.0,5,1.0
1696,12,2592000.0,18408000.0,10.0,2,1.0
1697,37,2592000.0,18408000.0,10.0,2,1.0
1698,39,2592000.0,18408000.0,60.0,5,1.0
1699,118,2592000.0,18408000.0,600.0,4,1.0
1700,76,2592000.0000000005,18408000.0,1.0,1,1.0
1701,48,2592000.0,18408000.0,60.0,3,1.0
1702,15,2592000.0,18408000.0,600.0,3,1.0
1703,177,2592000.0,18408000.0,60.0,3,1.0
1704,17,2592000.0,18408000.0,60.0,3,1.0
1705,27,2592000.0,18408000.0,60.0,3,1.0
1706,187,2592000.0,18408000.0,10.0,3,1.0
1707,47,2592000.0000000005,18408000.0,1.0,1,1.0
1708,27,2592000.0000000005,18408000.0,1.0,1,1.0
1709,71,2592000.0,18408000.0,10.0,4,1.0
1710,21,2592000.0,18408000.0,600.0,4,1.0
1711,36,2592000.0,18408000.0,10.0,3,1.0
1712,380,2592000.0,18408000.0,60.0,5,1.0
1713,13,2592000.0000000005,18408000.0,1.0,8,1.0
1714,57,2592000.0,18408000.0,10.0,4,1.0
1715,10,2592000.0,18408000.0,10.0,5,1.0
1716,26,2592000.0,18408000.0,60.0,4,1.0
1717,44,2592000.0000000005,18408000.0,1.0,2,1.0
1718,13,2592000.0000000005,18408000.0,1.0,3,1.0
1719,16,2592000.0,18408000.0,600.0,4,1.0
1720,53,2592000.0,18408000.0,60.0,2,1.0
1721,14,2592000.0,18408000.0,600.0,1,1.0
1722,173,2592000.0000000005,18408000.0,1.0,5,1.0
1723,43,2592000.0,18408000.0,60.0,5,1.0
1724,19,2592000.0,18408000.0,600.0,6,1.0
1725,11,2592000.0,18408000.0,60.0,4,1.0
1726,46,2592000.0,18408000.0,600.0,5,1.0
1727,59,2592000.0,18408000.0,600.0,3,1.0
1728,17,2592000.0,18408000.0,60.0,4,1.0
1729,21,2592000.0,18408000.0,60.0,5,1.0
1730,39,2592000.0,18408000.0,60.0,2,1.0
1731,44,2592000.0,18408000.0,60.0,4,1.0
1732,9,2592000.0000000005,18408000.0,1.0,7,1.0
1733,99,2592000.0000000005,18408000.0,1.0,2,1.0
1734,17,2592000.0000000005,18408000.0,1.0,7,1.0
1735,8,2592000.0,18408000.0,10.0,7,1.0
1736,15,2592000.0,18408000.0,60.0,1,1.0
1737,17,2592000.0,18408000.0,10.0,1,1.0
1738,16,2592000.0,18408000.0,600.0,2,1.0
1739,16,2592000.0000000005,18408000.0,1.0,5,1.0
1740,20,2592000.0000000005,18408000.0,1.0,3,1.0
1741,109,2592000.0,18408000.0,600.0,3,1.0
1742,29,2592000.0,18408000.0,600.0,1,1.0
1743,15,2592000.0000000005,18408000.0,1.0,4,1.0
1744,60,2592000.0000000005,18408000.0,1.0,2,1.0
1745,33,2592000.0000000005,18408000.0,1.0,3,1.0
1746,11,2592000.0,18408000.0,60.0,4,1.0
1747,22,2592000.0,18408000.0,600.0,5,1.0
1748,36,2592000.0,18408000.0,10.0,6,1.0
1749,12,2592000.0,18408000.0,10.0,5,1.0
1750,21,2592000.0000000005,18408000.0,1.0,6,1.0
1751,18,2592000.0,18408000.0,60.0,4,1.0
1752,118,2592000.0,18408000.0,600.0,6,1.0
1753,22,2592000.0000000005,18408000.0,1.0,6,1.0
1754,188,2592000.0,18408000.0,600.0,4,1.0
1755,96,2592000.0,18408000.0,600.0,5,1.0
1756,229,2592000.0000000005,18408000.0,1.0,4,1.0
1757,98,2592000.0,18408000.0,10.0,3,1.0
1758,16,2592000.0000000005,18408000.0,1.0,5,1.0
1759,48,2592000.0,18408000.0,10.0,5,1.0
1760,63,2592000.0000000005,18408000.0,1.0,5,1.0
1761,10,2592000.0,18408000.0,10.0,2,1.0
1762,23,2592000.0,18408000.0,600.0,2,1.0
1763,43,2592000.0,18408000.0,60.0,5,1.0
1764,13,2592000.0,18408000.0,60.0,6,1.0
1765,18,2592000.0,18408000.0,60.0,4,1.0
1766,18,2592000.0,18408000.0,10.0,3,1.0
1767,20,2592000.0,18408000.0,600.0,5,1.0
1768,120,2592000.0,18408000.0,600.0,2,1.0
1769,28,2592000.0000000005,18408000.0,1.0,5,1.0
1770,65,2592000.0,18408000.0,60.0,2,1.0
1771,71,2592000.0,18408000.0,10.0,2,1.0
1772,33,2592000.0,18408000.0,60.0,2,1.0
1773,15,2592000.0,18408000.0,600.0,3,1.0
1774,26,2592000.0000000005,18408000.0,1.0,5,1.0
1775,74,2592000.0000000005,18408000.0,1.0,3,1.0
1776,40,2592000.0,18408000.0,60.0,4,1.0
1777,13,2592000.0,18408000.0,10.0,9,1.0
1778,14,2592000.0,18408000.0,60.0,5,1.0
1779,16,2592000.0,18408000.0,60.0,3,1.0
1780,13,2592000.0000000005,18408000.0,1.0,4,1.0
1781,97,2592000.0000000005,18408000.0,1.0,5,1.0
1782,31,2592000.0,18408000.0,10.0,4,1.0
1783,26,2592000.0,18408000.0,60.0,2,1.0
1784,12,2592000.0,18408000.0,10.0,5,1.0
1785,19,2592000.0,18408000.0,60.0,9,1.0
1786,33,2592000.0,18408000.0,60.0,4,1.0
1787,14,2592000.0,18408000.0,60.0,4,1.0
1788,67,2592000.0000000005,18408000.0,1.0,3,1.0
1789,15,2592000.0,18408000.0,60.0,4,1.0
1790,160,2592000.0,18408000.0,600.0,6,1.0
1791,16,2592000.0,18408000.0,10.0,3,1.0
1792,128,2592000.0000000005,18408000.0,1.0,5,1.0
1793,162,2592000.0,18408000.0,60.0,1,1.0
1794,29,2592000.0,18408000.0,600.0,5,1.0
1795,1435,2592000.0,18408000.0,600.0,1,1.0
1796,82,2592000.0,18408000.0,60.0,5,1.0
1797,95,2592000.0000000005,18408000.0,1.0,3,1.0
1798,165,2592000.0,18408000.0,10.0,4,1.0
1799,45,2592000.0,18408000.0,60.0,5,1.0
1800,40,2592000.0000000005,18408000.0,1.0,3,1.0
1801,60,2592000.0,18408000.0,60.0,5,1.0
1802,29,2592000.0,18408000.0,600.0,4,1.0
1803,64,2592000.0,18408000.0,60.0,3,1.0
1804,12,2592000.0,18408000.0,10.0,6,1.0
1805,86,2592000.0,18408000.0,60.0,2,1.0
1806,27,2592000.0,18408000.0,600.0,3,1.0
1807,22,2592000.0,18408000.0,10.0,6,1.0
1808,19,2592000.0000000005,18408000.0,1.0,4,1.0
1809,51,2592000.0,18408000.0,60.0,2,1.0
1810,92,2592000.0000000005,18408000.0,1.0,3,1.0
1811,98,2592000.0,18408000.0,10.0,4,1.0
1812,12,2592000.0,18408000.0,600.0,5,1.0
1813,12,2592000.0000000005,18408000.0,1.0,4,1.0
1814,14,2592000.0,18408000.0,10.0,4,1.0
1815,13,2592000.0,18408000.0,600.0,4,1.0
1816,28,2592000.0,18408000.0,60.0,5,1.0
1817,90,2592000.0000000005,18408000.0,1.0,5,1.0
1818,41,2592000.0,18408000.0,600.0,2,1.0
1819,21,2592000.0,18408000.0,60.0,5,1.0
1820,30,2592000.0000000005,18408000.0,1.0,4,1.0
1821,53,2592000.0000000005,18408000.0,1.0,4,1.0
1822,95,2592000.0,18408000.0,60.0,3,1.0
1823,114,2592000.0000000005,18408000.0,1.0,4,1.0
1824,11,2592000.0000000005,18408000.0,1.0,2,1.0
1825,106,2592000.0,18408000.0,600.0,5,1.0
1826,422,2592000.0000000005,18408000.0,1.0,2,1.0
1827,14,2592000.0,18408000.0,60.0,7,1.0
1828,36,2592000.0,18408000.0,60.0,4,1.0
1829,33,2592000.0000000005,18408000.0,1.0,2,1.0
1830,121,2592000.0,18408000.0,10.0,7,1.0
1831,101,2592000.0,18408000.0,10.0,3,1.0
1832,19,2592000.0,18408000.0,60.0,4,1.0
1833,11,2592000.0,18408000.0,10.0,3,1.0
1834,27,2592000.0,18408000.0,600.0,4,1.0
1835,11,2592000.0000000005,18408000.0,1.0,5,1.0
1836,320,2592000.0000000005,18408000.0,1.0,4,1.0
1837,61,2592000.0,18408000.0,10.0,2,1.0
1838,435,2592000.0,18408000.0,600.0,3,1.0
1839,16,2592000.0,18408000.0,60.0,6,1.0
1840,40,2592000.0,18408000.0,10.0,2,1.0
1841,33,2592000.0000000005,18408000.0,1.0,7,1.0
1842,17,2592000.0,18408000.0,10.0,5,1.0
1843,63,2592000.0000000005,18408000.0,1.0,7,1.0
1844,28,2592000.0,18408000.0,10.0,5,1.0
1845,22,2592000.0000000005,18408000.0,1.0,4,1.0
1846,16,2592000.0,18408000.0,10.0,2,1.0
1847,19,2592000.0000000005,18408000.0,1.0,3,1.0
1848,11,2592000.0000000005,18408000.0,1.0,5,1.0
1849,41,2592000.0,18408000.0,10.0,3,1.0
1850,70,2592000.0000000005,18408000.0,1.0,6,1.0
1851,142,2592000.0,18408000.0,60.0,5,1.0
1852,21,2592000.0,18408000.0,600.0,4,1.0
1853,78,2592000.0,18408000.0,10.0,3,1.0
1854,12,2592000.0,18408000.0,60.0,2,1.0
1855,16,2592000.0,18408000.0,10.0,3,1.0
1856,195,2592000.0,18408000.0,600.0,5,1.0
1857,15,2592000.0,18408000.0,60.0,3,1.0
1858,14,2592000.0000000005,18408000.0,1.0,4,1.0
1859,12,2592000.0000000005,18408000.0,1.0,4,1.0
1860,27,2592000.0,18408000.0,10.0,3,1.0
1861,11,2592000.0,18408000.0,60.0,2,1.0
1862,25,2592000.0,18408000.0,600.0,6,1.0
1863,35,2592000.0,18408000.0,60.0,4,1.0
1864,14,2592000.0,18408000.0,600.0,2,1.0
1865,8,2592000.0,18408000.0,10.0,5,1.0
1866,56,2592000.0,18408000.0,60.0,5,1.0
1867,27,2592000.0,18408000.0,600.0,5,1.0
1868,33,2592000.0,18408000.0,600.0,7,1.0
1869,432,2592000.0,18408000.0,600.0,4,1.0
1870,43,2592000.0000000005,18408000.0,1.0,5,1.0
1871,28,2592000.0,18408000.0,10.0,4,1.0
1872,38,2592000.0,18408000.0,600.0,5,1.0
1873,38,2592000.0,18408000.0,60.0,4,1.0
1874,30,2592000.0,18408000.0,10.0,4,1.0
1875,16,2592000.0000000005,18408000.0,1.0,2,1.0
1876,42,2592000.0,18408000.0,600.0,4,1.0
1877,15,2592000.0,18408000.0,600.0,7,1.0
1878,20,2592000.0000000005,18408000.0,1.0,4,1.0
1879,23,2592000.0000000005,18408000.0,1.0,3,1.0
1880,64,2592000.0,18408000.0,60.0,3,1.0
1881,16,2592000.0,18408000.0,10.0,3,1.0
1882,39,2592000.0,18408000.0,10.0,3,1.0
1883,17,2592000.0,18408000.0,600.0,6,1.0
1884,156,2592000.0000000005,18408000.0,1.0,6,1.0
1885,15,2592000.0,18408000.0,60.0,3,1.0
1886,123,2592000.0,18408000.0,60.0,4,1.0
1887,49,2592000.0000000005,18408000.0,1.0,4,1.0
1888,17,2592000.0,18408000.0,60.0,1,1.0
1889,20,2592000.0000000005,18408000.0,1.0,2,1.0
1890,156,2592000.0,18408000.0,600.0,3,1.0
1891,13,2592000.0,18408000.0,10.0,5,1.0
1892,15,2592000.0,18408000.0,10.0,4,1.0
1893,15,2592000.0,18408000.0,10.0,5,1.0
1894,14,2592000.0,18408000.0,10.0,4,1.0
1895,25,2592000.0,18408000.0,10.0,4,1.0
1896,300,2592000.0,18408000.0,10.0,6,1.0
1897,46,2592000.0,18408000.0,600.0,7,1.0
1898,12,2592000.0,18408000.0,60.0,4,1.0
1899,28,2592000.0,18408000.0,60.0,3,1.0
1900,25,2592000.0,18408000.0,10.0,3,1.0
1901,30,2592000.0000000005,18408000.0,1.0,3,1.0
1902,13,2592000.0,18408000.0,60.0,4,1.0
1903,11,2592000.0,18408000.0,60.0,3,1.0
1904,140,2592000.0,18408000.0,10.0,5,1.0
1905,32,2592000.0,18408000.0,600.0,2,1.0
1906,42,2592000.0,18408000.0,600.0,2,1.0
1907,45,2592000.0,18408000.0,10.0,2,1.0
1908,18,2592000.0,18408000.0,60.0,3,1.0
1909,20,2592000.0,18408000.0,60.0,5,1.0
1910,13,2592000.0000000005,18408000.0,1.0,3,1.0
1911,32,2592000.0,18408000.0,600.0,6,1.0
1912,127,2592000.0,18408000.0,600.0,5,1.0
1913,17,2592000.0000000005,18408000.0,1.0,5,1.0
1914,68,2592000.0,18408000.0,10.0,4,1.0
1915,15,2592000.0000000005,18408000.0,1.0,6,1.0
1916,14,2592000.0,18408000.0,60.0,3,1.0
1917,19,2592000.0,18408000.0,10.0,5,1.0
1918,19,2592000.0,18408000.0,10.0,2,1.0
1919,27,2592000.0,18408000.0,60.0,1,1.0
1920,37,2592000.0,18408000.0,60.0,2,1.0
1921,797,2592000.0,18408000.0,60.0,3,1.0
1922,15,2592000.0,18408000.0,10.0,4,1.0
1923,24,2592000.0,18408000.0,600.0,3,1.0
1924,80,2592000.0,18408000.0,60.0,6,1.0
1925,14,2592000.0000000005,18408000.0,1.0,5,1.0
1926,8,2592000.0,18408000.0,60.0,4,1.0
1927,9,2592000.0,18408000.0,10.0,6,1.0
1928,14,2592000.0,18408000.0,10.0,5,1.0
1929,32,2592000.0,18408000.0,60.0,4,1.0
1930,167,2592000.0,18408000.0,10.0,6,1.0
1931,39,2592000.0000000005,18408000.0,1.0,3,1.0
1932,13,2592000.0000000005,18408000.0,1.0,3,1.0
1933,28,2592000.0,18408000.0,600.0,4,1.0
1934,28,2592000.0,18408000.0,10.0,1,1.0
1935,15,2592000.0,18408000.0,10.0,4,1.0
1936,26,2592000.0,18408000.0,10.0,1,1.0
1937,45,2592000.0,18408000.0,60.0,5,1.0
1938,56,2592000.0,18408000.0,60.0,6,1.0
1939,15,2592000.0,18408000.0,60.0,4,1.0
1940,8,2592000.0,18408000.0,60.0,4,1.0
1941,121,2592000.0000000005,18408000.0,1.0,7,1.0
1942,212,2592000.0,18408000.0,10.0,4,1.0
1943,20,2592000.0,18408000.0,600.0,3,1.0
1944,17,2592000.0,18408000.0,10.0,6,1.0
1945,56,2592000.0000000005,18408000.0,1.0,3,1.0
1946,31,2592000.0000000005,18408000.0,1.0,3,1.0
1947,35,2592000.0,18408000.0,600.0,3,1.0
1948,12,2592000.0,18408000.0,10.0,4,1.0
1949,713,2592000.0000000005,18408000.0,1.0,3,1.0
1950,107,2592000.0,18408000.0,600.0,5,1.0
1951,73,2592000.0,18408000.0,60.0,6,1.0
1952,110,2592000.0,18408000.0,10.0,1,1.0
1953,20,2592000.0,18408000.0,10.0,7,1.0
1954,40,2592000.0,18408000.0,60.0,3,1.0
1955,13,2592000.0,18408000.0,10.0,3,1.0
1956,24,2592000.0,18408000.0,60.0,5,1.0
1957,37,2592000.0000000005,18408000.0,1.0,2,1.0
1958,40,2592000.0,18408000.0,600.0,2,1.0
1959,15,2592000.0,18408000.0,600.0,4,1.0
1960,13,2592000.0,18408000.0,60.0,5,1.0
1961,70,2592000.0,18408000.0,600.0,5,1.0
1962,381,2592000.0,18408000.0,10.0,6,1.0
1963,48,2592000.0,18408000.0,10.0,2,1.0
1964,47,2592000.0,18408000.0,600.0,3,1.0
1965,41,2592000.0,18408000.0,10.0,3,1.0
1966,24,2592000.0,18408000.0,600.0,3,1.0
1967,12,2592000.0,18408000.0,60.0,4,1.0
1968,291,2592000.0,18408000.0,600.0,3,1.0
1969,43,2592000.0,18408000.0,600.0,5,1.0
1970,159,2592000.0,18408000.0,600.0,4,1.0
1971,59,2592000.0000000005,18408000.0,1.0,2,1.0
1972,15,2592000.0000000005,18408000.0,1.0,8,1.0
1973,27,2592000.0,18408000.0,600.0,4,1.0
1974,20,2592000.0,18408000.0,600.0,2,1.0
1975,15,2592000.0,18408000.0,60.0,5,1.0
1976,315,2592000.0,18408000.0,10.0,5,1.0
1977,15,2592000.0000000005,18408000.0,1.0,5,1.0
1978,28,2592000.0,18408000.0,10.0,5,1.0
1979,212,2592000.0,18408000.0,10.0,6,1.0
1980,62,2592000.0,18408000.0,10.0,6,1.0
1981,37,2592000.0,18408000.0,10.0,4,1.0
1982,28,2592000.0,18408000.0,600.0,7,1.0
1983,43,2592000.0,18408000.0,60.0,5,1.0
1984,32,2592000.0000000005,18408000.0,1.0,6,1.0
1985,29,2592000.0000000005,18408000.0,1.0,4,1.0
1986,17,2592000.0,18408000.0,600.0,6,1.0
1987,133,2592000.0000000005,18408000.0,1.0,8,1.0
1988,138,2592000.0,18408000.0,10.0,6,1.0
1989,41,2592000.0,18408000.0,10.0,5,1.0
1990,20,2592000.0,18408000.0,10.0,8,1.0
1991,58,2592000.0,18408000.0,60.0,3,1.0
1992,38,2592000.0000000005,18408000.0,1.0,4,1.0
1993,9,2592000.0000000005,18408000.0,1.0,4,1.0
1994,39,2592000.0,18408000.0,60.0,5,1.0
1995,33,2592000.0,18408000.0,600.0,3,1.0
1996,82,2592000.0,18408000.0,10.0,7,1.0
1997,19,2592000.0,18408000.0,60.0,4,1.0
1998,27,2592000.0,18408000.0,600.0,6,1.0
1999,19,2592000.0,18408000.0,600.0,5,1.0
